FIPS,Code,Name,Type,Year,Population,Median Household Income,Population Source,Median Household Income Source
1,AL,Alabama,state,2010,4785579,40474,"U.S. Census Bureau, 2010 Census","U.S. Census Bureau, 2010 American Community Survey 1-Year Estimates"
2,AK,Alaska,state,2010,714015,64576,"U.S. Census Bureau, 2010 Census","U.S. Census Bureau, 2010 American Community Survey 1-Year Estimates"
4,AZ,Arizona,state,2010,6407002,46789,"U.S. Census Bureau, 2010 Census","U.S. Census Bureau, 2010 American Community Survey 1-Year Estimates"
5,AR,Arkansas,state,2010,2921737,38307,"U.S. Census Bureau, 2010 Census","U.S. Census Bureau, 2010 American Community Survey 1-Year Estimates"
6,CA,California,state,2010,37327690,57708,"U.S. Census Bureau, 2010 Census","U.S. Census Bureau, 2010 American Community Survey 1-Year Estimates"
8,CO,Colorado,state,2010,5048029,54046,"U.S. Census Bureau, 2010 Census","U.S. Census Bureau, 2010 American Community Survey 1-Year Estimates"
9,CT,Connecticut,state,2010,3580171,64032,"U.S. Census Bureau, 2010 Census","U.S. Census Bureau, 2010 American Community Survey 1-Year Estimates"
10,DE,Delaware,state,2010,899712,55847,"U.S. Census Bureau, 2010 Census","U.S. Census Bureau, 2010 American Community Survey 1-Year Estimates"
11,DC,District of Columbia,district,2010,605040,60903,"U.S. Census Bureau, 2010 Census","U.S. Census Bureau, 2010 American Community Survey 1-Year Estimates"
12,FL,Florida,state,2010,18846461,44409,"U.S. Census Bureau, 2010 Census","U.S. Census Bureau, 2010 American Community Survey 1-Year Estimates"
13,GA,Georgia,state,2010,9712696,46430,"U.S. Census Bureau, 2010 Census","U.S. Census Bureau, 2010 American Community Survey 1-Year Estimates"
15,HI,Hawaii,state,2010,1363817,63030,"U.S. Census Bureau, 2010 Census","U.S. Census Bureau, 2010 American Community Survey 1-Year Estimates"
16,ID,Idaho,state,2010,1570912,43490,"U.S. Census Bureau, 2010 Census","U.S. Census Bureau, 2010 American Community Survey 1-Year Estimates"
17,IL,Illinois,state,2010,12841196,52972,"U.S. Census Bureau, 2010 Census","U.S. Census Bureau, 2010 American Community Survey 1-Year Estimates"
18,IN,Indiana,state,2010,6490029,44613,"U.S. Census Bureau, 2010 Census","U.S. Census Bureau, 2010 American Community Survey 1-Year Estimates"
19,IA,Iowa,state,2010,3050223,47961,"U.S. Census Bureau, 2010 Census","U.S. Census Bureau, 2010 American Community Survey 1-Year Estimates"
20,KS,Kansas,state,2010,2858403,48257,"U.S. Census Bureau, 2010 Census","U.S. Census Bureau, 2010 American Community Survey 1-Year Estimates"
21,KY,Kentucky,state,2010,4347948,40062,"U.S. Census Bureau, 2010 Census","U.S. Census Bureau, 2010 American Community Survey 1-Year Estimates"
22,LA,Louisiana,state,2010,4544871,42505,"U.S. Census Bureau, 2010 Census","U.S. Census Bureau, 2010 American Community Survey 1-Year Estimates"
23,ME,Maine,state,2010,1327568,45815,"U.S. Census Bureau, 2010 Census","U.S. Census Bureau, 2010 American Community Survey 1-Year Estimates"
24,MD,Maryland,state,2010,5788099,68854,"U.S. Census Bureau, 2010 Census","U.S. Census Bureau, 2010 American Community Survey 1-Year Estimates"
25,MA,Massachusetts,state,2010,6564943,62072,"U.S. Census Bureau, 2010 Census","U.S. Census Bureau, 2010 American Community Survey 1-Year Estimates"
26,MI,Michigan,state,2010,9876731,45413,"U.S. Census Bureau, 2010 Census","U.S. Census Bureau, 2010 American Community Survey 1-Year Estimates"
27,MN,Minnesota,state,2010,5310711,55459,"U.S. Census Bureau, 2010 Census","U.S. Census Bureau, 2010 American Community Survey 1-Year Estimates"
28,MS,Mississippi,state,2010,2970437,36851,"U.S. Census Bureau, 2010 Census","U.S. Census Bureau, 2010 American Community Survey 1-Year Estimates"
29,MO,Missouri,state,2010,5995681,44301,"U.S. Census Bureau, 2010 Census","U.S. Census Bureau, 2010 American Community Survey 1-Year Estimates"
30,MT,Montana,state,2010,990507,42666,"U.S. Census Bureau, 2010 Census","U.S. Census Bureau, 2010 American Community Survey 1-Year Estimates"
31,NE,Nebraska,state,2010,1829956,48408,"U.S. Census Bureau, 2010 Census","U.S. Census Bureau, 2010 American Community Survey 1-Year Estimates"
32,NV,Nevada,state,2010,2702797,51001,"U.S. Census Bureau, 2010 Census","U.S. Census Bureau, 2010 American Community Survey 1-Year Estimates"
33,NH,New Hampshire,state,2010,1316700,61042,"U.S. Census Bureau, 2010 Census","U.S. Census Bureau, 2010 American Community Survey 1-Year Estimates"
34,NJ,New Jersey,state,2010,8803708,67681,"U.S. Census Bureau, 2010 Census","U.S. Census Bureau, 2010 American Community Survey 1-Year Estimates"
35,NM,New Mexico,state,2010,2064607,42090,"U.S. Census Bureau, 2010 Census","U.S. Census Bureau, 2010 American Community Survey 1-Year Estimates"
36,NY,New York,state,2010,19405185,54148,"U.S. Census Bureau, 2010 Census","U.S. Census Bureau, 2010 American Community Survey 1-Year Estimates"
37,NC,North Carolina,state,2010,9574247,43326,"U.S. Census Bureau, 2010 Census","U.S. Census Bureau, 2010 American Community Survey 1-Year Estimates"
38,ND,North Dakota,state,2010,674518,48670,"U.S. Census Bureau, 2010 Census","U.S. Census Bureau, 2010 American Community Survey 1-Year Estimates"
39,OH,Ohio,state,2010,11539282,45090,"U.S. Census Bureau, 2010 Census","U.S. Census Bureau, 2010 American Community Survey 1-Year Estimates"
40,OK,Oklahoma,state,2010,3759529,42072,"U.S. Census Bureau, 2010 Census","U.S. Census Bureau, 2010 American Community Survey 1-Year Estimates"
41,OR,Oregon,state,2010,3837073,46560,"U.S. Census Bureau, 2010 Census","U.S. Census Bureau, 2010 American Community Survey 1-Year Estimates"
42,PA,Pennsylvania,state,2010,12711063,49288,"U.S. Census Bureau, 2010 Census","U.S. Census Bureau, 2010 American Community Survey 1-Year Estimates"
44,RI,Rhode Island,state,2010,1053169,52254,"U.S. Census Bureau, 2010 Census","U.S. Census Bureau, 2010 American Community Survey 1-Year Estimates"
45,SC,South Carolina,state,2010,4635834,42018,"U.S. Census Bureau, 2010 Census","U.S. Census Bureau, 2010 American Community Survey 1-Year Estimates"
46,SD,South Dakota,state,2010,816227,45904,"U.S. Census Bureau, 2010 Census","U.S. Census Bureau, 2010 American Community Survey 1-Year Estimates"
47,TN,Tennessee,state,2010,6355882,41461,"U.S. Census Bureau, 2010 Census","U.S. Census Bureau, 2010 American Community Survey 1-Year Estimates"
48,TX,Texas,state,2010,25241648,48615,"U.S. Census Bureau, 2010 Census","U.S. Census Bureau, 2010 American Community Survey 1-Year Estimates"
49,UT,Utah,state,2010,2775260,54744,"U.S. Census Bureau, 2010 Census","U.S. Census Bureau, 2010 American Community Survey 1-Year Estimates"
50,VT,Vermont,state,2010,625842,49406,"U.S. Census Bureau, 2010 Census","U.S. Census Bureau, 2010 American Community Survey 1-Year Estimates"
51,VA,Virginia,state,2010,8025206,60674,"U.S. Census Bureau, 2010 Census","U.S. Census Bureau, 2010 American Community Survey 1-Year Estimates"
53,WA,Washington,state,2010,6741386,55631,"U.S. Census Bureau, 2010 Census","U.S. Census Bureau, 2010 American Community Survey 1-Year Estimates"
54,WV,West Virginia,state,2010,1854315,38218,"U.S. Census Bureau, 2010 Census","U.S. Census Bureau, 2010 American Community Survey 1-Year Estimates"
55,WI,Wisconsin,state,2010,5690403,49001,"U.S. Census Bureau, 2010 Census","U.S. Census Bureau, 2010 American Community Survey 1-Year Estimates"
56,WY,Wyoming,state,2010,564376,53512,"U.S. Census Bureau, 2010 Census","U.S. Census Bureau, 2010 American Community Survey 1-Year Estimates"
60,AS,American Samoa,territory,2010,55519,23892,"U.S. Census Bureau, 2010 Census","U.S. Census Bureau, 2010 Census"
66,GU,Guam,territory,2010,159358,48274,"U.S. Census Bureau, 2010 Census","U.S. Census Bureau, 2010 Census"
69,MP,Northern Mariana Islands,territory,2010,53883,19958,"U.S. Census Bureau, 2010 Census","U.S. Census Bureau, 2010 Census"
72,PR,Puerto Rico,territory,2010,3721525,18862,"U.S. Census Bureau, 2010 Census","U.S. Census Bureau, 2010 American Community Survey 1-Year Estimates"
78,VI,U.S. Virgin Islands,territory,2010,106405,37254,"U.S. Census Bureau, 2010 Census","U.S. Census Bureau, 2010 Census"
1,AL,Alabama,state,2011,4798649,41415,"U.S. Census Bureau, 2011 Population Estimate","U.S. Census Bureau, 2011 American Community Survey 1-Year Estimates"
2,AK,Alaska,state,2011,722259,67825,"U.S. Census Bureau, 2011 Population Estimate","U.S. Census Bureau, 2011 American Community Survey 1-Year Estimates"
4,AZ,Arizona,state,2011,6465488,46709,"U.S. Census Bureau, 2011 Population Estimate","U.S. Census Bureau, 2011 American Community Survey 1-Year Estimates"
5,AR,Arkansas,state,2011,2938640,38758,"U.S. Census Bureau, 2011 Population Estimate","U.S. Census Bureau, 2011 American Community Survey 1-Year Estimates"
6,CA,California,state,2011,37672654,57287,"U.S. Census Bureau, 2011 Population Estimate","U.S. Census Bureau, 2011 American Community Survey 1-Year Estimates"
8,CO,Colorado,state,2011,5116411,55387,"U.S. Census Bureau, 2011 Population Estimate","U.S. Census Bureau, 2011 American Community Survey 1-Year Estimates"
9,CT,Connecticut,state,2011,3591927,65753,"U.S. Census Bureau, 2011 Population Estimate","U.S. Census Bureau, 2011 American Community Survey 1-Year Estimates"
10,DE,Delaware,state,2011,907884,58814,"U.S. Census Bureau, 2011 Population Estimate","U.S. Census Bureau, 2011 American Community Survey 1-Year Estimates"
11,DC,District of Columbia,district,2011,620336,63124,"U.S. Census Bureau, 2011 Population Estimate","U.S. Census Bureau, 2011 American Community Survey 1-Year Estimates"
12,FL,Florida,state,2011,19097369,44299,"U.S. Census Bureau, 2011 Population Estimate","U.S. Census Bureau, 2011 American Community Survey 1-Year Estimates"
13,GA,Georgia,state,2011,9810595,46007,"U.S. Census Bureau, 2011 Population Estimate","U.S. Census Bureau, 2011 American Community Survey 1-Year Estimates"
15,HI,Hawaii,state,2011,1378323,61821,"U.S. Census Bureau, 2011 Population Estimate","U.S. Census Bureau, 2011 American Community Survey 1-Year Estimates"
16,ID,Idaho,state,2011,1583180,43341,"U.S. Census Bureau, 2011 Population Estimate","U.S. Census Bureau, 2011 American Community Survey 1-Year Estimates"
17,IL,Illinois,state,2011,12862298,53234,"U.S. Census Bureau, 2011 Population Estimate","U.S. Census Bureau, 2011 American Community Survey 1-Year Estimates"
18,IN,Indiana,state,2011,6515358,46438,"U.S. Census Bureau, 2011 Population Estimate","U.S. Census Bureau, 2011 American Community Survey 1-Year Estimates"
19,IA,Iowa,state,2011,3063690,49427,"U.S. Census Bureau, 2011 Population Estimate","U.S. Census Bureau, 2011 American Community Survey 1-Year Estimates"
20,KS,Kansas,state,2011,2868756,48964,"U.S. Census Bureau, 2011 Population Estimate","U.S. Census Bureau, 2011 American Community Survey 1-Year Estimates"
21,KY,Kentucky,state,2011,4368505,41141,"U.S. Census Bureau, 2011 Population Estimate","U.S. Census Bureau, 2011 American Community Survey 1-Year Estimates"
22,LA,Louisiana,state,2011,4574388,41734,"U.S. Census Bureau, 2011 Population Estimate","U.S. Census Bureau, 2011 American Community Survey 1-Year Estimates"
23,ME,Maine,state,2011,1327968,46033,"U.S. Census Bureau, 2011 Population Estimate","U.S. Census Bureau, 2011 American Community Survey 1-Year Estimates"
24,MD,Maryland,state,2011,5843115,70004,"U.S. Census Bureau, 2011 Population Estimate","U.S. Census Bureau, 2011 American Community Survey 1-Year Estimates"
25,MA,Massachusetts,state,2011,6612178,62859,"U.S. Census Bureau, 2011 Population Estimate","U.S. Census Bureau, 2011 American Community Survey 1-Year Estimates"
26,MI,Michigan,state,2011,9876199,45981,"U.S. Census Bureau, 2011 Population Estimate","U.S. Census Bureau, 2011 American Community Survey 1-Year Estimates"
27,MN,Minnesota,state,2011,5345967,56954,"U.S. Census Bureau, 2011 Population Estimate","U.S. Census Bureau, 2011 American Community Survey 1-Year Estimates"
28,MS,Mississippi,state,2011,2977452,36919,"U.S. Census Bureau, 2011 Population Estimate","U.S. Census Bureau, 2011 American Community Survey 1-Year Estimates"
29,MO,Missouri,state,2011,6010280,45247,"U.S. Census Bureau, 2011 Population Estimate","U.S. Census Bureau, 2011 American Community Survey 1-Year Estimates"
30,MT,Montana,state,2011,996866,44222,"U.S. Census Bureau, 2011 Population Estimate","U.S. Census Bureau, 2011 American Community Survey 1-Year Estimates"
31,NE,Nebraska,state,2011,1841641,50296,"U.S. Census Bureau, 2011 Population Estimate","U.S. Census Bureau, 2011 American Community Survey 1-Year Estimates"
32,NV,Nevada,state,2011,2718170,48927,"U.S. Census Bureau, 2011 Population Estimate","U.S. Census Bureau, 2011 American Community Survey 1-Year Estimates"
33,NH,New Hampshire,state,2011,1318345,62647,"U.S. Census Bureau, 2011 Population Estimate","U.S. Census Bureau, 2011 American Community Survey 1-Year Estimates"
34,NJ,New Jersey,state,2011,8844694,67458,"U.S. Census Bureau, 2011 Population Estimate","U.S. Census Bureau, 2011 American Community Survey 1-Year Estimates"
35,NM,New Mexico,state,2011,2077744,41963,"U.S. Census Bureau, 2011 Population Estimate","U.S. Census Bureau, 2011 American Community Survey 1-Year Estimates"
36,NY,New York,state,2011,19526372,55246,"U.S. Census Bureau, 2011 Population Estimate","U.S. Census Bureau, 2011 American Community Survey 1-Year Estimates"
37,NC,North Carolina,state,2011,9662940,43916,"U.S. Census Bureau, 2011 Population Estimate","U.S. Census Bureau, 2011 American Community Survey 1-Year Estimates"
38,ND,North Dakota,state,2011,684830,51704,"U.S. Census Bureau, 2011 Population Estimate","U.S. Census Bureau, 2011 American Community Survey 1-Year Estimates"
39,OH,Ohio,state,2011,11543332,45749,"U.S. Census Bureau, 2011 Population Estimate","U.S. Census Bureau, 2011 American Community Survey 1-Year Estimates"
40,OK,Oklahoma,state,2011,3785232,43225,"U.S. Census Bureau, 2011 Population Estimate","U.S. Census Bureau, 2011 American Community Survey 1-Year Estimates"
41,OR,Oregon,state,2011,3865845,46816,"U.S. Census Bureau, 2011 Population Estimate","U.S. Census Bureau, 2011 American Community Survey 1-Year Estimates"
42,PA,Pennsylvania,state,2011,12742811,50228,"U.S. Census Bureau, 2011 Population Estimate","U.S. Census Bureau, 2011 American Community Survey 1-Year Estimates"
44,RI,Rhode Island,state,2011,1052154,53636,"U.S. Census Bureau, 2011 Population Estimate","U.S. Census Bureau, 2011 American Community Survey 1-Year Estimates"
45,SC,South Carolina,state,2011,4672744,42367,"U.S. Census Bureau, 2011 Population Estimate","U.S. Census Bureau, 2011 American Community Survey 1-Year Estimates"
46,SD,South Dakota,state,2011,823338,48321,"U.S. Census Bureau, 2011 Population Estimate","U.S. Census Bureau, 2011 American Community Survey 1-Year Estimates"
47,TN,Tennessee,state,2011,6396281,41693,"U.S. Census Bureau, 2011 Population Estimate","U.S. Census Bureau, 2011 American Community Survey 1-Year Estimates"
48,TX,Texas,state,2011,25644424,49392,"U.S. Census Bureau, 2011 Population Estimate","U.S. Census Bureau, 2011 American Community Survey 1-Year Estimates"
49,UT,Utah,state,2011,2815430,55869,"U.S. Census Bureau, 2011 Population Estimate","U.S. Census Bureau, 2011 American Community Survey 1-Year Estimates"
50,VT,Vermont,state,2011,626210,52776,"U.S. Census Bureau, 2011 Population Estimate","U.S. Census Bureau, 2011 American Community Survey 1-Year Estimates"
51,VA,Virginia,state,2011,8107548,61882,"U.S. Census Bureau, 2011 Population Estimate","U.S. Census Bureau, 2011 American Community Survey 1-Year Estimates"
53,WA,Washington,state,2011,6819155,56835,"U.S. Census Bureau, 2011 Population Estimate","U.S. Census Bureau, 2011 American Community Survey 1-Year Estimates"
54,WV,West Virginia,state,2011,1854891,38482,"U.S. Census Bureau, 2011 Population Estimate","U.S. Census Bureau, 2011 American Community Survey 1-Year Estimates"
55,WI,Wisconsin,state,2011,5705812,50395,"U.S. Census Bureau, 2011 Population Estimate","U.S. Census Bureau, 2011 American Community Survey 1-Year Estimates"
56,WY,Wyoming,state,2011,567602,56322,"U.S. Census Bureau, 2011 Population Estimate","U.S. Census Bureau, 2011 American Community Survey 1-Year Estimates"
60,AS,American Samoa,territory,2011,55519,23892,"U.S. Census Bureau, 2010 Census","U.S. Census Bureau, 2010 Census"
66,GU,Guam,territory,2011,159358,48274,"U.S. Census Bureau, 2010 Census","U.S. Census Bureau, 2010 Census"
69,MP,Northern Mariana Islands,territory,2011,53883,19958,"U.S. Census Bureau, 2010 Census","U.S. Census Bureau, 2010 Census"
72,PR,Puerto Rico,territory,2011,3678732,18660,"U.S. Census Bureau, 2011 Population Estimate","U.S. Census Bureau, 2011 American Community Survey 1-Year Estimates"
78,VI,U.S. Virgin Islands,territory,2011,106405,37254,"U.S. Census Bureau, 2010 Census","U.S. Census Bureau, 2010 Census"
1,AL,Alabama,state,2012,4813946,41574,"U.S. Census Bureau, 2012 Population Estimate","U.S. Census Bureau, 2012 American Community Survey 1-Year Estimates"
2,AK,Alaska,state,2012,730825,67712,"U.S. Census Bureau, 2012 Population Estimate","U.S. Census Bureau, 2012 American Community Survey 1-Year Estimates"
4,AZ,Arizona,state,2012,6544211,47826,"U.S. Census Bureau, 2012 Population Estimate","U.S. Census Bureau, 2012 American Community Survey 1-Year Estimates"
5,AR,Arkansas,state,2012,2949208,40112,"U.S. Census Bureau, 2012 Population Estimate","U.S. Census Bureau, 2012 American Community Survey 1-Year Estimates"
6,CA,California,state,2012,38019006,58328,"U.S. Census Bureau, 2012 Population Estimate","U.S. Census Bureau, 2012 American Community Survey 1-Year Estimates"
8,CO,Colorado,state,2012,5186330,56765,"U.S. Census Bureau, 2012 Population Estimate","U.S. Census Bureau, 2012 American Community Survey 1-Year Estimates"
9,CT,Connecticut,state,2012,3597705,67276,"U.S. Census Bureau, 2012 Population Estimate","U.S. Census Bureau, 2012 American Community Survey 1-Year Estimates"
10,DE,Delaware,state,2012,916868,58415,"U.S. Census Bureau, 2012 Population Estimate","U.S. Census Bureau, 2012 American Community Survey 1-Year Estimates"
11,DC,District of Columbia,district,2012,635630,66583,"U.S. Census Bureau, 2012 Population Estimate","U.S. Census Bureau, 2012 American Community Survey 1-Year Estimates"
12,FL,Florida,state,2012,19341327,45040,"U.S. Census Bureau, 2012 Population Estimate","U.S. Census Bureau, 2012 American Community Survey 1-Year Estimates"
13,GA,Georgia,state,2012,9911171,47209,"U.S. Census Bureau, 2012 Population Estimate","U.S. Census Bureau, 2012 American Community Survey 1-Year Estimates"
15,HI,Hawaii,state,2012,1392772,66259,"U.S. Census Bureau, 2012 Population Estimate","U.S. Census Bureau, 2012 American Community Survey 1-Year Estimates"
16,ID,Idaho,state,2012,1594673,45489,"U.S. Census Bureau, 2012 Population Estimate","U.S. Census Bureau, 2012 American Community Survey 1-Year Estimates"
17,IL,Illinois,state,2012,12878494,55137,"U.S. Census Bureau, 2012 Population Estimate","U.S. Census Bureau, 2012 American Community Survey 1-Year Estimates"
18,IN,Indiana,state,2012,6535665,46974,"U.S. Census Bureau, 2012 Population Estimate","U.S. Census Bureau, 2012 American Community Survey 1-Year Estimates"
19,IA,Iowa,state,2012,3074386,50957,"U.S. Census Bureau, 2012 Population Estimate","U.S. Census Bureau, 2012 American Community Survey 1-Year Estimates"
20,KS,Kansas,state,2012,2885316,50241,"U.S. Census Bureau, 2012 Population Estimate","U.S. Census Bureau, 2012 American Community Survey 1-Year Estimates"
21,KY,Kentucky,state,2012,4383673,41724,"U.S. Census Bureau, 2012 Population Estimate","U.S. Census Bureau, 2012 American Community Survey 1-Year Estimates"
22,LA,Louisiana,state,2012,4602681,42944,"U.S. Census Bureau, 2012 Population Estimate","U.S. Census Bureau, 2012 American Community Survey 1-Year Estimates"
23,ME,Maine,state,2012,1328101,46709,"U.S. Census Bureau, 2012 Population Estimate","U.S. Census Bureau, 2012 American Community Survey 1-Year Estimates"
24,MD,Maryland,state,2012,5891680,71122,"U.S. Census Bureau, 2012 Population Estimate","U.S. Census Bureau, 2012 American Community Survey 1-Year Estimates"
25,MA,Massachusetts,state,2012,6659627,65339,"U.S. Census Bureau, 2012 Population Estimate","U.S. Census Bureau, 2012 American Community Survey 1-Year Estimates"
26,MI,Michigan,state,2012,9886610,46859,"U.S. Census Bureau, 2012 Population Estimate","U.S. Census Bureau, 2012 American Community Survey 1-Year Estimates"
27,MN,Minnesota,state,2012,5377695,58906,"U.S. Census Bureau, 2012 Population Estimate","U.S. Census Bureau, 2012 American Community Survey 1-Year Estimates"
28,MS,Mississippi,state,2012,2982963,37095,"U.S. Census Bureau, 2012 Population Estimate","U.S. Census Bureau, 2012 American Community Survey 1-Year Estimates"
29,MO,Missouri,state,2012,6023267,45321,"U.S. Census Bureau, 2012 Population Estimate","U.S. Census Bureau, 2012 American Community Survey 1-Year Estimates"
30,MT,Montana,state,2012,1003522,45076,"U.S. Census Bureau, 2012 Population Estimate","U.S. Census Bureau, 2012 American Community Survey 1-Year Estimates"
31,NE,Nebraska,state,2012,1854862,50723,"U.S. Census Bureau, 2012 Population Estimate","U.S. Census Bureau, 2012 American Community Survey 1-Year Estimates"
32,NV,Nevada,state,2012,2752410,49760,"U.S. Census Bureau, 2012 Population Estimate","U.S. Census Bureau, 2012 American Community Survey 1-Year Estimates"
33,NH,New Hampshire,state,2012,1320923,63280,"U.S. Census Bureau, 2012 Population Estimate","U.S. Census Bureau, 2012 American Community Survey 1-Year Estimates"
34,NJ,New Jersey,state,2012,8882095,69667,"U.S. Census Bureau, 2012 Population Estimate","U.S. Census Bureau, 2012 American Community Survey 1-Year Estimates"
35,NM,New Mexico,state,2012,2083590,42558,"U.S. Census Bureau, 2012 Population Estimate","U.S. Census Bureau, 2012 American Community Survey 1-Year Estimates"
36,NY,New York,state,2012,19625409,56448,"U.S. Census Bureau, 2012 Population Estimate","U.S. Census Bureau, 2012 American Community Survey 1-Year Estimates"
37,NC,North Carolina,state,2012,9755299,45150,"U.S. Census Bureau, 2012 Population Estimate","U.S. Census Bureau, 2012 American Community Survey 1-Year Estimates"
38,ND,North Dakota,state,2012,701380,53585,"U.S. Census Bureau, 2012 Population Estimate","U.S. Census Bureau, 2012 American Community Survey 1-Year Estimates"
39,OH,Ohio,state,2012,11546969,46829,"U.S. Census Bureau, 2012 Population Estimate","U.S. Census Bureau, 2012 American Community Survey 1-Year Estimates"
40,OK,Oklahoma,state,2012,3815298,44312,"U.S. Census Bureau, 2012 Population Estimate","U.S. Census Bureau, 2012 American Community Survey 1-Year Estimates"
41,OR,Oregon,state,2012,3893920,49161,"U.S. Census Bureau, 2012 Population Estimate","U.S. Census Bureau, 2012 American Community Survey 1-Year Estimates"
42,PA,Pennsylvania,state,2012,12768034,51230,"U.S. Census Bureau, 2012 Population Estimate","U.S. Census Bureau, 2012 American Community Survey 1-Year Estimates"
44,RI,Rhode Island,state,2012,1052761,54554,"U.S. Census Bureau, 2012 Population Estimate","U.S. Census Bureau, 2012 American Community Survey 1-Year Estimates"
45,SC,South Carolina,state,2012,4719009,43107,"U.S. Census Bureau, 2012 Population Estimate","U.S. Census Bureau, 2012 American Community Survey 1-Year Estimates"
46,SD,South Dakota,state,2012,832576,48362,"U.S. Census Bureau, 2012 Population Estimate","U.S. Census Bureau, 2012 American Community Survey 1-Year Estimates"
47,TN,Tennessee,state,2012,6450632,42764,"U.S. Census Bureau, 2012 Population Estimate","U.S. Census Bureau, 2012 American Community Survey 1-Year Estimates"
48,TX,Texas,state,2012,26078327,50740,"U.S. Census Bureau, 2012 Population Estimate","U.S. Census Bureau, 2012 American Community Survey 1-Year Estimates"
49,UT,Utah,state,2012,2854222,57049,"U.S. Census Bureau, 2012 Population Estimate","U.S. Census Bureau, 2012 American Community Survey 1-Year Estimates"
50,VT,Vermont,state,2012,625606,52977,"U.S. Census Bureau, 2012 Population Estimate","U.S. Census Bureau, 2012 American Community Survey 1-Year Estimates"
51,VA,Virginia,state,2012,8188656,61741,"U.S. Census Bureau, 2012 Population Estimate","U.S. Census Bureau, 2012 American Community Survey 1-Year Estimates"
53,WA,Washington,state,2012,6890899,57573,"U.S. Census Bureau, 2012 Population Estimate","U.S. Census Bureau, 2012 American Community Survey 1-Year Estimates"
54,WV,West Virginia,state,2012,1855360,40196,"U.S. Census Bureau, 2012 Population Estimate","U.S. Census Bureau, 2012 American Community Survey 1-Year Estimates"
55,WI,Wisconsin,state,2012,5721075,51059,"U.S. Census Bureau, 2012 Population Estimate","U.S. Census Bureau, 2012 American Community Survey 1-Year Estimates"
56,WY,Wyoming,state,2012,576608,54901,"U.S. Census Bureau, 2012 Population Estimate","U.S. Census Bureau, 2012 American Community Survey 1-Year Estimates"
60,AS,American Samoa,territory,2012,55519,23892,"U.S. Census Bureau, 2010 Census","U.S. Census Bureau, 2010 Census"
66,GU,Guam,territory,2012,159358,48274,"U.S. Census Bureau, 2010 Census","U.S. Census Bureau, 2010 Census"
69,MP,Northern Mariana Islands,territory,2012,53883,19958,"U.S. Census Bureau, 2010 Census","U.S. Census Bureau, 2010 Census"
72,PR,Puerto Rico,territory,2012,3634488,19429,"U.S. Census Bureau, 2012 Population Estimate","U.S. Census Bureau, 2012 American Community Survey 1-Year Estimates"
78,VI,U.S. Virgin Islands,territory,2012,106405,37254,"U.S. Census Bureau, 2010 Census","U.S. Census Bureau, 2010 Census"
1,AL,Alabama,state,2013,4827660,42849,"U.S. Census Bureau, 2013 Population Estimate","U.S. Census Bureau, 2013 American Community Survey 1-Year Estimates"
2,AK,Alaska,state,2013,736760,72237,"U.S. Census Bureau, 2013 Population Estimate","U.S. Census Bureau, 2013 American Community Survey 1-Year Estimates"
4,AZ,Arizona,state,2013,6616124,48510,"U.S. Census Bureau, 2013 Population Estimate","U.S. Census Bureau, 2013 American Community Survey 1-Year Estimates"
5,AR,Arkansas,state,2013,2956780,40511,"U.S. Census Bureau, 2013 Population Estimate","U.S. Census Bureau, 2013 American Community Survey 1-Year Estimates"
6,CA,California,state,2013,38347383,60190,"U.S. Census Bureau, 2013 Population Estimate","U.S. Census Bureau, 2013 American Community Survey 1-Year Estimates"
8,CO,Colorado,state,2013,5262556,58823,"U.S. Census Bureau, 2013 Population Estimate","U.S. Census Bureau, 2013 American Community Survey 1-Year Estimates"
9,CT,Connecticut,state,2013,3602470,67098,"U.S. Census Bureau, 2013 Population Estimate","U.S. Census Bureau, 2013 American Community Survey 1-Year Estimates"
10,DE,Delaware,state,2013,925114,57846,"U.S. Census Bureau, 2013 Population Estimate","U.S. Census Bureau, 2013 American Community Survey 1-Year Estimates"
11,DC,District of Columbia,district,2013,650114,67572,"U.S. Census Bureau, 2013 Population Estimate","U.S. Census Bureau, 2013 American Community Survey 1-Year Estimates"
12,FL,Florida,state,2013,19584927,46036,"U.S. Census Bureau, 2013 Population Estimate","U.S. Census Bureau, 2013 American Community Survey 1-Year Estimates"
13,GA,Georgia,state,2013,9981773,47829,"U.S. Census Bureau, 2013 Population Estimate","U.S. Census Bureau, 2013 American Community Survey 1-Year Estimates"
15,HI,Hawaii,state,2013,1408038,68020,"U.S. Census Bureau, 2013 Population Estimate","U.S. Census Bureau, 2013 American Community Survey 1-Year Estimates"
16,ID,Idaho,state,2013,1610187,46783,"U.S. Census Bureau, 2013 Population Estimate","U.S. Census Bureau, 2013 American Community Survey 1-Year Estimates"
17,IL,Illinois,state,2013,12890403,56210,"U.S. Census Bureau, 2013 Population Estimate","U.S. Census Bureau, 2013 American Community Survey 1-Year Estimates"
18,IN,Indiana,state,2013,6567484,47529,"U.S. Census Bureau, 2013 Population Estimate","U.S. Census Bureau, 2013 American Community Survey 1-Year Estimates"
19,IA,Iowa,state,2013,3089876,52229,"U.S. Census Bureau, 2013 Population Estimate","U.S. Census Bureau, 2013 American Community Survey 1-Year Estimates"
20,KS,Kansas,state,2013,2892900,50972,"U.S. Census Bureau, 2013 Population Estimate","U.S. Census Bureau, 2013 American Community Survey 1-Year Estimates"
21,KY,Kentucky,state,2013,4399121,43399,"U.S. Census Bureau, 2013 Population Estimate","U.S. Census Bureau, 2013 American Community Survey 1-Year Estimates"
22,LA,Louisiana,state,2013,4626795,44164,"U.S. Census Bureau, 2013 Population Estimate","U.S. Census Bureau, 2013 American Community Survey 1-Year Estimates"
23,ME,Maine,state,2013,1327975,46974,"U.S. Census Bureau, 2013 Population Estimate","U.S. Census Bureau, 2013 American Community Survey 1-Year Estimates"
24,MD,Maryland,state,2013,5932654,72483,"U.S. Census Bureau, 2013 Population Estimate","U.S. Census Bureau, 2013 American Community Survey 1-Year Estimates"
25,MA,Massachusetts,state,2013,6711138,66768,"U.S. Census Bureau, 2013 Population Estimate","U.S. Census Bureau, 2013 American Community Survey 1-Year Estimates"
26,MI,Michigan,state,2013,9899219,48273,"U.S. Census Bureau, 2013 Population Estimate","U.S. Census Bureau, 2013 American Community Survey 1-Year Estimates"
27,MN,Minnesota,state,2013,5416074,60702,"U.S. Census Bureau, 2013 Population Estimate","U.S. Census Bureau, 2013 American Community Survey 1-Year Estimates"
28,MS,Mississippi,state,2013,2987721,37963,"U.S. Census Bureau, 2013 Population Estimate","U.S. Census Bureau, 2013 American Community Survey 1-Year Estimates"
29,MO,Missouri,state,2013,6041142,46931,"U.S. Census Bureau, 2013 Population Estimate","U.S. Census Bureau, 2013 American Community Survey 1-Year Estimates"
30,MT,Montana,state,2013,1011921,46972,"U.S. Census Bureau, 2013 Population Estimate","U.S. Census Bureau, 2013 American Community Survey 1-Year Estimates"
31,NE,Nebraska,state,2013,1867414,51440,"U.S. Census Bureau, 2013 Population Estimate","U.S. Census Bureau, 2013 American Community Survey 1-Year Estimates"
32,NV,Nevada,state,2013,2786547,51230,"U.S. Census Bureau, 2013 Population Estimate","U.S. Census Bureau, 2013 American Community Survey 1-Year Estimates"
33,NH,New Hampshire,state,2013,1322622,64230,"U.S. Census Bureau, 2013 Population Estimate","U.S. Census Bureau, 2013 American Community Survey 1-Year Estimates"
34,NJ,New Jersey,state,2013,8913735,70165,"U.S. Census Bureau, 2013 Population Estimate","U.S. Census Bureau, 2013 American Community Survey 1-Year Estimates"
35,NM,New Mexico,state,2013,2085161,43872,"U.S. Census Bureau, 2013 Population Estimate","U.S. Census Bureau, 2013 American Community Survey 1-Year Estimates"
36,NY,New York,state,2013,19712514,57369,"U.S. Census Bureau, 2013 Population Estimate","U.S. Census Bureau, 2013 American Community Survey 1-Year Estimates"
37,NC,North Carolina,state,2013,9849812,45906,"U.S. Census Bureau, 2013 Population Estimate","U.S. Census Bureau, 2013 American Community Survey 1-Year Estimates"
38,ND,North Dakota,state,2013,722908,55759,"U.S. Census Bureau, 2013 Population Estimate","U.S. Census Bureau, 2013 American Community Survey 1-Year Estimates"
39,OH,Ohio,state,2013,11567845,48081,"U.S. Census Bureau, 2013 Population Estimate","U.S. Census Bureau, 2013 American Community Survey 1-Year Estimates"
40,OK,Oklahoma,state,2013,3849840,45690,"U.S. Census Bureau, 2013 Population Estimate","U.S. Census Bureau, 2013 American Community Survey 1-Year Estimates"
41,OR,Oregon,state,2013,3919664,50251,"U.S. Census Bureau, 2013 Population Estimate","U.S. Census Bureau, 2013 American Community Survey 1-Year Estimates"
42,PA,Pennsylvania,state,2013,12778450,52007,"U.S. Census Bureau, 2013 Population Estimate","U.S. Census Bureau, 2013 American Community Survey 1-Year Estimates"
44,RI,Rhode Island,state,2013,1052784,55902,"U.S. Census Bureau, 2013 Population Estimate","U.S. Census Bureau, 2013 American Community Survey 1-Year Estimates"
45,SC,South Carolina,state,2013,4765862,44163,"U.S. Census Bureau, 2013 Population Estimate","U.S. Census Bureau, 2013 American Community Survey 1-Year Estimates"
46,SD,South Dakota,state,2013,842513,48947,"U.S. Census Bureau, 2013 Population Estimate","U.S. Census Bureau, 2013 American Community Survey 1-Year Estimates"
47,TN,Tennessee,state,2013,6490795,44297,"U.S. Census Bureau, 2013 Population Estimate","U.S. Census Bureau, 2013 American Community Survey 1-Year Estimates"
48,TX,Texas,state,2013,26479279,51704,"U.S. Census Bureau, 2013 Population Estimate","U.S. Census Bureau, 2013 American Community Survey 1-Year Estimates"
49,UT,Utah,state,2013,2899961,59770,"U.S. Census Bureau, 2013 Population Estimate","U.S. Census Bureau, 2013 American Community Survey 1-Year Estimates"
50,VT,Vermont,state,2013,626044,52578,"U.S. Census Bureau, 2013 Population Estimate","U.S. Census Bureau, 2013 American Community Survey 1-Year Estimates"
51,VA,Virginia,state,2013,8261689,62666,"U.S. Census Bureau, 2013 Population Estimate","U.S. Census Bureau, 2013 American Community Survey 1-Year Estimates"
53,WA,Washington,state,2013,6963410,58405,"U.S. Census Bureau, 2013 Population Estimate","U.S. Census Bureau, 2013 American Community Survey 1-Year Estimates"
54,WV,West Virginia,state,2013,1852333,41253,"U.S. Census Bureau, 2013 Population Estimate","U.S. Census Bureau, 2013 American Community Survey 1-Year Estimates"
55,WI,Wisconsin,state,2013,5736673,51467,"U.S. Census Bureau, 2013 Population Estimate","U.S. Census Bureau, 2013 American Community Survey 1-Year Estimates"
56,WY,Wyoming,state,2013,582341,58752,"U.S. Census Bureau, 2013 Population Estimate","U.S. Census Bureau, 2013 American Community Survey 1-Year Estimates"
60,AS,American Samoa,territory,2013,55519,23892,"U.S. Census Bureau, 2010 Census","U.S. Census Bureau, 2010 Census"
66,GU,Guam,territory,2013,159358,48274,"U.S. Census Bureau, 2010 Census","U.S. Census Bureau, 2010 Census"
69,MP,Northern Mariana Islands,territory,2013,53883,19958,"U.S. Census Bureau, 2010 Census","U.S. Census Bureau, 2010 Census"
72,PR,Puerto Rico,territory,2013,3593077,19183,"U.S. Census Bureau, 2013 Population Estimate","U.S. Census Bureau, 2013 American Community Survey 1-Year Estimates"
78,VI,U.S. Virgin Islands,territory,2013,106405,37254,"U.S. Census Bureau, 2010 Census","U.S. Census Bureau, 2010 Census"
1,AL,Alabama,state,2014,4840037,42830,"U.S. Census Bureau, 2014 Population Estimate","U.S. Census Bureau, 2014 American Community Survey 1-Year Estimates"
2,AK,Alaska,state,2014,736759,71583,"U.S. Census Bureau, 2014 Population Estimate","U.S. Census Bureau, 2014 American Community Survey 1-Year Estimates"
4,AZ,Arizona,state,2014,6706435,50068,"U.S. Census Bureau, 2014 Population Estimate","U.S. Census Bureau, 2014 American Community Survey 1-Year Estimates"
5,AR,Arkansas,state,2014,2964800,41262,"U.S. Census Bureau, 2014 Population Estimate","U.S. Census Bureau, 2014 American Community Survey 1-Year Estimates"
6,CA,California,state,2014,38701278,61933,"U.S. Census Bureau, 2014 Population Estimate","U.S. Census Bureau, 2014 American Community Survey 1-Year Estimates"
8,CO,Colorado,state,2014,5342311,61303,"U.S. Census Bureau, 2014 Population Estimate","U.S. Census Bureau, 2014 American Community Survey 1-Year Estimates"
9,CT,Connecticut,state,2014,3600188,70048,"U.S. Census Bureau, 2014 Population Estimate","U.S. Census Bureau, 2014 American Community Survey 1-Year Estimates"
10,DE,Delaware,state,2014,934805,59716,"U.S. Census Bureau, 2014 Population Estimate","U.S. Census Bureau, 2014 American Community Survey 1-Year Estimates"
11,DC,District of Columbia,district,2014,660797,71648,"U.S. Census Bureau, 2014 Population Estimate","U.S. Census Bureau, 2014 American Community Survey 1-Year Estimates"
12,FL,Florida,state,2014,19897747,47463,"U.S. Census Bureau, 2014 Population Estimate","U.S. Census Bureau, 2014 American Community Survey 1-Year Estimates"
13,GA,Georgia,state,2014,10083850,49321,"U.S. Census Bureau, 2014 Population Estimate","U.S. Census Bureau, 2014 American Community Survey 1-Year Estimates"
15,HI,Hawaii,state,2014,1417710,69592,"U.S. Census Bureau, 2014 Population Estimate","U.S. Census Bureau, 2014 American Community Survey 1-Year Estimates"
16,ID,Idaho,state,2014,1630391,47861,"U.S. Census Bureau, 2014 Population Estimate","U.S. Census Bureau, 2014 American Community Survey 1-Year Estimates"
17,IL,Illinois,state,2014,12882438,57444,"U.S. Census Bureau, 2014 Population Estimate","U.S. Census Bureau, 2014 American Community Survey 1-Year Estimates"
18,IN,Indiana,state,2014,6593182,49446,"U.S. Census Bureau, 2014 Population Estimate","U.S. Census Bureau, 2014 American Community Survey 1-Year Estimates"
19,IA,Iowa,state,2014,3105563,53712,"U.S. Census Bureau, 2014 Population Estimate","U.S. Census Bureau, 2014 American Community Survey 1-Year Estimates"
20,KS,Kansas,state,2014,2899553,52504,"U.S. Census Bureau, 2014 Population Estimate","U.S. Census Bureau, 2014 American Community Survey 1-Year Estimates"
21,KY,Kentucky,state,2014,4410415,42958,"U.S. Census Bureau, 2014 Population Estimate","U.S. Census Bureau, 2014 American Community Survey 1-Year Estimates"
22,LA,Louisiana,state,2014,4648797,44555,"U.S. Census Bureau, 2014 Population Estimate","U.S. Census Bureau, 2014 American Community Survey 1-Year Estimates"
23,ME,Maine,state,2014,1328903,49462,"U.S. Census Bureau, 2014 Population Estimate","U.S. Census Bureau, 2014 American Community Survey 1-Year Estimates"
24,MD,Maryland,state,2014,5970245,73971,"U.S. Census Bureau, 2014 Population Estimate","U.S. Census Bureau, 2014 American Community Survey 1-Year Estimates"
25,MA,Massachusetts,state,2014,6757925,69160,"U.S. Census Bureau, 2014 Population Estimate","U.S. Census Bureau, 2014 American Community Survey 1-Year Estimates"
26,MI,Michigan,state,2014,9914675,49847,"U.S. Census Bureau, 2014 Population Estimate","U.S. Census Bureau, 2014 American Community Survey 1-Year Estimates"
27,MN,Minnesota,state,2014,5452649,61481,"U.S. Census Bureau, 2014 Population Estimate","U.S. Census Bureau, 2014 American Community Survey 1-Year Estimates"
28,MS,Mississippi,state,2014,2988578,39680,"U.S. Census Bureau, 2014 Population Estimate","U.S. Census Bureau, 2014 American Community Survey 1-Year Estimates"
29,MO,Missouri,state,2014,6058014,48363,"U.S. Census Bureau, 2014 Population Estimate","U.S. Census Bureau, 2014 American Community Survey 1-Year Estimates"
30,MT,Montana,state,2014,1019931,46328,"U.S. Census Bureau, 2014 Population Estimate","U.S. Census Bureau, 2014 American Community Survey 1-Year Estimates"
31,NE,Nebraska,state,2014,1880920,52686,"U.S. Census Bureau, 2014 Population Estimate","U.S. Census Bureau, 2014 American Community Survey 1-Year Estimates"
32,NV,Nevada,state,2014,2831730,51450,"U.S. Census Bureau, 2014 Population Estimate","U.S. Census Bureau, 2014 American Community Survey 1-Year Estimates"
33,NH,New Hampshire,state,2014,1328684,66532,"U.S. Census Bureau, 2014 Population Estimate","U.S. Census Bureau, 2014 American Community Survey 1-Year Estimates"
34,NJ,New Jersey,state,2014,8943010,71919,"U.S. Census Bureau, 2014 Population Estimate","U.S. Census Bureau, 2014 American Community Survey 1-Year Estimates"
35,NM,New Mexico,state,2014,2083207,44803,"U.S. Census Bureau, 2014 Population Estimate","U.S. Census Bureau, 2014 American Community Survey 1-Year Estimates"
36,NY,New York,state,2014,19773580,58878,"U.S. Census Bureau, 2014 Population Estimate","U.S. Census Bureau, 2014 American Community Survey 1-Year Estimates"
37,NC,North Carolina,state,2014,9941160,46556,"U.S. Census Bureau, 2014 Population Estimate","U.S. Census Bureau, 2014 American Community Survey 1-Year Estimates"
38,ND,North Dakota,state,2014,738658,59029,"U.S. Census Bureau, 2014 Population Estimate","U.S. Census Bureau, 2014 American Community Survey 1-Year Estimates"
39,OH,Ohio,state,2014,11593741,49308,"U.S. Census Bureau, 2014 Population Estimate","U.S. Census Bureau, 2014 American Community Survey 1-Year Estimates"
40,OK,Oklahoma,state,2014,3875008,47529,"U.S. Census Bureau, 2014 Population Estimate","U.S. Census Bureau, 2014 American Community Survey 1-Year Estimates"
41,OR,Oregon,state,2014,3960673,51075,"U.S. Census Bureau, 2014 Population Estimate","U.S. Census Bureau, 2014 American Community Survey 1-Year Estimates"
42,PA,Pennsylvania,state,2014,12790341,53234,"U.S. Census Bureau, 2014 Population Estimate","U.S. Census Bureau, 2014 American Community Survey 1-Year Estimates"
44,RI,Rhode Island,state,2014,1054782,54891,"U.S. Census Bureau, 2014 Population Estimate","U.S. Census Bureau, 2014 American Community Survey 1-Year Estimates"
45,SC,South Carolina,state,2014,4824758,45238,"U.S. Census Bureau, 2014 Population Estimate","U.S. Census Bureau, 2014 American Community Survey 1-Year Estimates"
46,SD,South Dakota,state,2014,849455,50979,"U.S. Census Bureau, 2014 Population Estimate","U.S. Census Bureau, 2014 American Community Survey 1-Year Estimates"
47,TN,Tennessee,state,2014,6540007,44361,"U.S. Census Bureau, 2014 Population Estimate","U.S. Census Bureau, 2014 American Community Survey 1-Year Estimates"
48,TX,Texas,state,2014,26954436,53035,"U.S. Census Bureau, 2014 Population Estimate","U.S. Census Bureau, 2014 American Community Survey 1-Year Estimates"
49,UT,Utah,state,2014,2938671,60922,"U.S. Census Bureau, 2014 Population Estimate","U.S. Census Bureau, 2014 American Community Survey 1-Year Estimates"
50,VT,Vermont,state,2014,625665,54166,"U.S. Census Bureau, 2014 Population Estimate","U.S. Census Bureau, 2014 American Community Survey 1-Year Estimates"
51,VA,Virginia,state,2014,8316902,64902,"U.S. Census Bureau, 2014 Population Estimate","U.S. Census Bureau, 2014 American Community Survey 1-Year Estimates"
53,WA,Washington,state,2014,7046931,61366,"U.S. Census Bureau, 2014 Population Estimate","U.S. Census Bureau, 2014 American Community Survey 1-Year Estimates"
54,WV,West Virginia,state,2014,1847624,41059,"U.S. Census Bureau, 2014 Population Estimate","U.S. Census Bureau, 2014 American Community Survey 1-Year Estimates"
55,WI,Wisconsin,state,2014,5751272,52622,"U.S. Census Bureau, 2014 Population Estimate","U.S. Census Bureau, 2014 American Community Survey 1-Year Estimates"
56,WY,Wyoming,state,2014,583334,57055,"U.S. Census Bureau, 2014 Population Estimate","U.S. Census Bureau, 2014 American Community Survey 1-Year Estimates"
60,AS,American Samoa,territory,2014,55519,23892,"U.S. Census Bureau, 2010 Census","U.S. Census Bureau, 2010 Census"
66,GU,Guam,territory,2014,159358,48274,"U.S. Census Bureau, 2010 Census","U.S. Census Bureau, 2010 Census"
69,MP,Northern Mariana Islands,territory,2014,53883,19958,"U.S. Census Bureau, 2010 Census","U.S. Census Bureau, 2010 Census"
72,PR,Puerto Rico,territory,2014,3534874,18928,"U.S. Census Bureau, 2014 Population Estimate","U.S. Census Bureau, 2014 American Community Survey 1-Year Estimates"
78,VI,U.S. Virgin Islands,territory,2014,106405,37254,"U.S. Census Bureau, 2010 Census","U.S. Census Bureau, 2010 Census"
1,AL,Alabama,state,2015,4850858,44765,"U.S. Census Bureau, 2015 Population Estimate","U.S. Census Bureau, 2015 American Community Survey 1-Year Estimates"
2,AK,Alaska,state,2015,737979,73355,"U.S. Census Bureau, 2015 Population Estimate","U.S. Census Bureau, 2015 American Community Survey 1-Year Estimates"
4,AZ,Arizona,state,2015,6802262,51492,"U.S. Census Bureau, 2015 Population Estimate","U.S. Census Bureau, 2015 American Community Survey 1-Year Estimates"
5,AR,Arkansas,state,2015,2975626,41995,"U.S. Census Bureau, 2015 Population Estimate","U.S. Census Bureau, 2015 American Community Survey 1-Year Estimates"
6,CA,California,state,2015,39032444,64500,"U.S. Census Bureau, 2015 Population Estimate","U.S. Census Bureau, 2015 American Community Survey 1-Year Estimates"
8,CO,Colorado,state,2015,5440445,63909,"U.S. Census Bureau, 2015 Population Estimate","U.S. Census Bureau, 2015 American Community Survey 1-Year Estimates"
9,CT,Connecticut,state,2015,3593862,71346,"U.S. Census Bureau, 2015 Population Estimate","U.S. Census Bureau, 2015 American Community Survey 1-Year Estimates"
10,DE,Delaware,state,2015,944107,61255,"U.S. Census Bureau, 2015 Population Estimate","U.S. Census Bureau, 2015 American Community Survey 1-Year Estimates"
11,DC,District of Columbia,district,2015,672736,75628,"U.S. Census Bureau, 2015 Population Estimate","U.S. Census Bureau, 2015 American Community Survey 1-Year Estimates"
12,FL,Florida,state,2015,20268567,49426,"U.S. Census Bureau, 2015 Population Estimate","U.S. Census Bureau, 2015 American Community Survey 1-Year Estimates"
13,GA,Georgia,state,2015,10199533,51244,"U.S. Census Bureau, 2015 Population Estimate","U.S. Census Bureau, 2015 American Community Survey 1-Year Estimates"
15,HI,Hawaii,state,2015,1426320,73486,"U.S. Census Bureau, 2015 Population Estimate","U.S. Census Bureau, 2015 American Community Survey 1-Year Estimates"
16,ID,Idaho,state,2015,1649324,48275,"U.S. Census Bureau, 2015 Population Estimate","U.S. Census Bureau, 2015 American Community Survey 1-Year Estimates"
17,IL,Illinois,state,2015,12862051,59588,"U.S. Census Bureau, 2015 Population Estimate","U.S. Census Bureau, 2015 American Community Survey 1-Year Estimates"
18,IN,Indiana,state,2015,6610596,50532,"U.S. Census Bureau, 2015 Population Estimate","U.S. Census Bureau, 2015 American Community Survey 1-Year Estimates"
19,IA,Iowa,state,2015,3118473,54736,"U.S. Census Bureau, 2015 Population Estimate","U.S. Census Bureau, 2015 American Community Survey 1-Year Estimates"
20,KS,Kansas,state,2015,2905789,53906,"U.S. Census Bureau, 2015 Population Estimate","U.S. Census Bureau, 2015 American Community Survey 1-Year Estimates"
21,KY,Kentucky,state,2015,4422057,45215,"U.S. Census Bureau, 2015 Population Estimate","U.S. Census Bureau, 2015 American Community Survey 1-Year Estimates"
22,LA,Louisiana,state,2015,4671211,45727,"U.S. Census Bureau, 2015 Population Estimate","U.S. Census Bureau, 2015 American Community Survey 1-Year Estimates"
23,ME,Maine,state,2015,1327787,51494,"U.S. Census Bureau, 2015 Population Estimate","U.S. Census Bureau, 2015 American Community Survey 1-Year Estimates"
24,MD,Maryland,state,2015,6000561,75847,"U.S. Census Bureau, 2015 Population Estimate","U.S. Census Bureau, 2015 American Community Survey 1-Year Estimates"
25,MA,Massachusetts,state,2015,6794002,70628,"U.S. Census Bureau, 2015 Population Estimate","U.S. Census Bureau, 2015 American Community Survey 1-Year Estimates"
26,MI,Michigan,state,2015,9918170,51084,"U.S. Census Bureau, 2015 Population Estimate","U.S. Census Bureau, 2015 American Community Survey 1-Year Estimates"
27,MN,Minnesota,state,2015,5483238,63488,"U.S. Census Bureau, 2015 Population Estimate","U.S. Census Bureau, 2015 American Community Survey 1-Year Estimates"
28,MS,Mississippi,state,2015,2985297,40593,"U.S. Census Bureau, 2015 Population Estimate","U.S. Census Bureau, 2015 American Community Survey 1-Year Estimates"
29,MO,Missouri,state,2015,6072640,50238,"U.S. Census Bureau, 2015 Population Estimate","U.S. Census Bureau, 2015 American Community Survey 1-Year Estimates"
30,MT,Montana,state,2015,1028317,49509,"U.S. Census Bureau, 2015 Population Estimate","U.S. Census Bureau, 2015 American Community Survey 1-Year Estimates"
31,NE,Nebraska,state,2015,1893564,54996,"U.S. Census Bureau, 2015 Population Estimate","U.S. Census Bureau, 2015 American Community Survey 1-Year Estimates"
32,NV,Nevada,state,2015,2883057,52431,"U.S. Census Bureau, 2015 Population Estimate","U.S. Census Bureau, 2015 American Community Survey 1-Year Estimates"
33,NH,New Hampshire,state,2015,1330134,70303,"U.S. Census Bureau, 2015 Population Estimate","U.S. Census Bureau, 2015 American Community Survey 1-Year Estimates"
34,NJ,New Jersey,state,2015,8960001,72222,"U.S. Census Bureau, 2015 Population Estimate","U.S. Census Bureau, 2015 American Community Survey 1-Year Estimates"
35,NM,New Mexico,state,2015,2082264,45382,"U.S. Census Bureau, 2015 Population Estimate","U.S. Census Bureau, 2015 American Community Survey 1-Year Estimates"
36,NY,New York,state,2015,19819347,60850,"U.S. Census Bureau, 2015 Population Estimate","U.S. Census Bureau, 2015 American Community Survey 1-Year Estimates"
37,NC,North Carolina,state,2015,10041769,47830,"U.S. Census Bureau, 2015 Population Estimate","U.S. Census Bureau, 2015 American Community Survey 1-Year Estimates"
38,ND,North Dakota,state,2015,754859,60557,"U.S. Census Bureau, 2015 Population Estimate","U.S. Census Bureau, 2015 American Community Survey 1-Year Estimates"
39,OH,Ohio,state,2015,11606027,51075,"U.S. Census Bureau, 2015 Population Estimate","U.S. Census Bureau, 2015 American Community Survey 1-Year Estimates"
40,OK,Oklahoma,state,2015,3904353,48568,"U.S. Census Bureau, 2015 Population Estimate","U.S. Census Bureau, 2015 American Community Survey 1-Year Estimates"
41,OR,Oregon,state,2015,4016537,54148,"U.S. Census Bureau, 2015 Population Estimate","U.S. Census Bureau, 2015 American Community Survey 1-Year Estimates"
42,PA,Pennsylvania,state,2015,12791124,55702,"U.S. Census Bureau, 2015 Population Estimate","U.S. Census Bureau, 2015 American Community Survey 1-Year Estimates"
44,RI,Rhode Island,state,2015,1055916,58073,"U.S. Census Bureau, 2015 Population Estimate","U.S. Census Bureau, 2015 American Community Survey 1-Year Estimates"
45,SC,South Carolina,state,2015,4892423,47238,"U.S. Census Bureau, 2015 Population Estimate","U.S. Census Bureau, 2015 American Community Survey 1-Year Estimates"
46,SD,South Dakota,state,2015,854036,53017,"U.S. Census Bureau, 2015 Population Estimate","U.S. Census Bureau, 2015 American Community Survey 1-Year Estimates"
47,TN,Tennessee,state,2015,6590726,47275,"U.S. Census Bureau, 2015 Population Estimate","U.S. Census Bureau, 2015 American Community Survey 1-Year Estimates"
48,TX,Texas,state,2015,27454880,55653,"U.S. Census Bureau, 2015 Population Estimate","U.S. Census Bureau, 2015 American Community Survey 1-Year Estimates"
49,UT,Utah,state,2015,2984917,62912,"U.S. Census Bureau, 2015 Population Estimate","U.S. Census Bureau, 2015 American Community Survey 1-Year Estimates"
50,VT,Vermont,state,2015,624455,56990,"U.S. Census Bureau, 2015 Population Estimate","U.S. Census Bureau, 2015 American Community Survey 1-Year Estimates"
51,VA,Virginia,state,2015,8366767,66262,"U.S. Census Bureau, 2015 Population Estimate","U.S. Census Bureau, 2015 American Community Survey 1-Year Estimates"
53,WA,Washington,state,2015,7152818,64129,"U.S. Census Bureau, 2015 Population Estimate","U.S. Census Bureau, 2015 American Community Survey 1-Year Estimates"
54,WV,West Virginia,state,2015,1839767,42019,"U.S. Census Bureau, 2015 Population Estimate","U.S. Census Bureau, 2015 American Community Survey 1-Year Estimates"
55,WI,Wisconsin,state,2015,5759744,55638,"U.S. Census Bureau, 2015 Population Estimate","U.S. Census Bureau, 2015 American Community Survey 1-Year Estimates"
56,WY,Wyoming,state,2015,586102,60214,"U.S. Census Bureau, 2015 Population Estimate","U.S. Census Bureau, 2015 American Community Survey 1-Year Estimates"
60,AS,American Samoa,territory,2015,55519,23892,"U.S. Census Bureau, 2010 Census","U.S. Census Bureau, 2010 Census"
66,GU,Guam,territory,2015,159358,48274,"U.S. Census Bureau, 2010 Census","U.S. Census Bureau, 2010 Census"
69,MP,Northern Mariana Islands,territory,2015,53883,19958,"U.S. Census Bureau, 2010 Census","U.S. Census Bureau, 2010 Census"
72,PR,Puerto Rico,territory,2015,3473177,18626,"U.S. Census Bureau, 2015 Population Estimate","U.S. Census Bureau, 2015 American Community Survey 1-Year Estimates"
78,VI,U.S. Virgin Islands,territory,2015,106405,37254,"U.S. Census Bureau, 2010 Census","U.S. Census Bureau, 2010 Census"
1,AL,Alabama,state,2016,4860545,46257,"U.S. Census Bureau, 2016 Population Estimate","U.S. Census Bureau, 2016 American Community Survey 1-Year Estimates"
2,AK,Alaska,state,2016,741522,76440,"U.S. Census Bureau, 2016 Population Estimate","U.S. Census Bureau, 2016 American Community Survey 1-Year Estimates"
4,AZ,Arizona,state,2016,6908642,53558,"U.S. Census Bureau, 2016 Population Estimate","U.S. Census Bureau, 2016 American Community Survey 1-Year Estimates"
5,AR,Arkansas,state,2016,2988231,44334,"U.S. Census Bureau, 2016 Population Estimate","U.S. Census Bureau, 2016 American Community Survey 1-Year Estimates"
6,CA,California,state,2016,39296476,67739,"U.S. Census Bureau, 2016 Population Estimate","U.S. Census Bureau, 2016 American Community Survey 1-Year Estimates"
8,CO,Colorado,state,2016,5530105,65685,"U.S. Census Bureau, 2016 Population Estimate","U.S. Census Bureau, 2016 American Community Survey 1-Year Estimates"
9,CT,Connecticut,state,2016,3587685,73433,"U.S. Census Bureau, 2016 Population Estimate","U.S. Census Bureau, 2016 American Community Survey 1-Year Estimates"
10,DE,Delaware,state,2016,952698,61757,"U.S. Census Bureau, 2016 Population Estimate","U.S. Census Bureau, 2016 American Community Survey 1-Year Estimates"
11,DC,District of Columbia,district,2016,684336,75506,"U.S. Census Bureau, 2016 Population Estimate","U.S. Census Bureau, 2016 American Community Survey 1-Year Estimates"
12,FL,Florida,state,2016,20656589,50860,"U.S. Census Bureau, 2016 Population Estimate","U.S. Census Bureau, 2016 American Community Survey 1-Year Estimates"
13,GA,Georgia,state,2016,10313620,53559,"U.S. Census Bureau, 2016 Population Estimate","U.S. Census Bureau, 2016 American Community Survey 1-Year Estimates"
15,HI,Hawaii,state,2016,1428683,74511,"U.S. Census Bureau, 2016 Population Estimate","U.S. Census Bureau, 2016 American Community Survey 1-Year Estimates"
16,ID,Idaho,state,2016,1680026,51807,"U.S. Census Bureau, 2016 Population Estimate","U.S. Census Bureau, 2016 American Community Survey 1-Year Estimates"
17,IL,Illinois,state,2016,12835726,60960,"U.S. Census Bureau, 2016 Population Estimate","U.S. Census Bureau, 2016 American Community Survey 1-Year Estimates"
18,IN,Indiana,state,2016,6634007,52314,"U.S. Census Bureau, 2016 Population Estimate","U.S. Census Bureau, 2016 American Community Survey 1-Year Estimates"
19,IA,Iowa,state,2016,3130869,56247,"U.S. Census Bureau, 2016 Population Estimate","U.S. Census Bureau, 2016 American Community Survey 1-Year Estimates"
20,KS,Kansas,state,2016,2907731,54935,"U.S. Census Bureau, 2016 Population Estimate","U.S. Census Bureau, 2016 American Community Survey 1-Year Estimates"
21,KY,Kentucky,state,2016,4436113,46659,"U.S. Census Bureau, 2016 Population Estimate","U.S. Census Bureau, 2016 American Community Survey 1-Year Estimates"
22,LA,Louisiana,state,2016,4686157,45146,"U.S. Census Bureau, 2016 Population Estimate","U.S. Census Bureau, 2016 American Community Survey 1-Year Estimates"
23,ME,Maine,state,2016,1330232,53079,"U.S. Census Bureau, 2016 Population Estimate","U.S. Census Bureau, 2016 American Community Survey 1-Year Estimates"
24,MD,Maryland,state,2016,6024752,78945,"U.S. Census Bureau, 2016 Population Estimate","U.S. Census Bureau, 2016 American Community Survey 1-Year Estimates"
25,MA,Massachusetts,state,2016,6823721,75297,"U.S. Census Bureau, 2016 Population Estimate","U.S. Census Bureau, 2016 American Community Survey 1-Year Estimates"
26,MI,Michigan,state,2016,9933445,52492,"U.S. Census Bureau, 2016 Population Estimate","U.S. Census Bureau, 2016 American Community Survey 1-Year Estimates"
27,MN,Minnesota,state,2016,5525050,65599,"U.S. Census Bureau, 2016 Population Estimate","U.S. Census Bureau, 2016 American Community Survey 1-Year Estimates"
28,MS,Mississippi,state,2016,2985415,41754,"U.S. Census Bureau, 2016 Population Estimate","U.S. Census Bureau, 2016 American Community Survey 1-Year Estimates"
29,MO,Missouri,state,2016,6091176,51746,"U.S. Census Bureau, 2016 Population Estimate","U.S. Census Bureau, 2016 American Community Survey 1-Year Estimates"
30,MT,Montana,state,2016,1038656,50027,"U.S. Census Bureau, 2016 Population Estimate","U.S. Census Bureau, 2016 American Community Survey 1-Year Estimates"
31,NE,Nebraska,state,2016,1907603,56927,"U.S. Census Bureau, 2016 Population Estimate","U.S. Census Bureau, 2016 American Community Survey 1-Year Estimates"
32,NV,Nevada,state,2016,2939254,55180,"U.S. Census Bureau, 2016 Population Estimate","U.S. Census Bureau, 2016 American Community Survey 1-Year Estimates"
33,NH,New Hampshire,state,2016,1335015,70936,"U.S. Census Bureau, 2016 Population Estimate","U.S. Census Bureau, 2016 American Community Survey 1-Year Estimates"
34,NJ,New Jersey,state,2016,8978416,76126,"U.S. Census Bureau, 2016 Population Estimate","U.S. Census Bureau, 2016 American Community Survey 1-Year Estimates"
35,NM,New Mexico,state,2016,2085432,46748,"U.S. Census Bureau, 2016 Population Estimate","U.S. Census Bureau, 2016 American Community Survey 1-Year Estimates"
36,NY,New York,state,2016,19836286,62909,"U.S. Census Bureau, 2016 Population Estimate","U.S. Census Bureau, 2016 American Community Survey 1-Year Estimates"
37,NC,North Carolina,state,2016,10156689,50584,"U.S. Census Bureau, 2016 Population Estimate","U.S. Census Bureau, 2016 American Community Survey 1-Year Estimates"
38,ND,North Dakota,state,2016,755548,60656,"U.S. Census Bureau, 2016 Population Estimate","U.S. Census Bureau, 2016 American Community Survey 1-Year Estimates"
39,OH,Ohio,state,2016,11622554,52334,"U.S. Census Bureau, 2016 Population Estimate","U.S. Census Bureau, 2016 American Community Survey 1-Year Estimates"
40,OK,Oklahoma,state,2016,3921207,49176,"U.S. Census Bureau, 2016 Population Estimate","U.S. Census Bureau, 2016 American Community Survey 1-Year Estimates"
41,OR,Oregon,state,2016,4085989,57532,"U.S. Census Bureau, 2016 Population Estimate","U.S. Census Bureau, 2016 American Community Survey 1-Year Estimates"
42,PA,Pennsylvania,state,2016,12787085,56907,"U.S. Census Bureau, 2016 Population Estimate","U.S. Census Bureau, 2016 American Community Survey 1-Year Estimates"
44,RI,Rhode Island,state,2016,1057566,60596,"U.S. Census Bureau, 2016 Population Estimate","U.S. Census Bureau, 2016 American Community Survey 1-Year Estimates"
45,SC,South Carolina,state,2016,4959822,49501,"U.S. Census Bureau, 2016 Population Estimate","U.S. Census Bureau, 2016 American Community Survey 1-Year Estimates"
46,SD,South Dakota,state,2016,861542,54467,"U.S. Census Bureau, 2016 Population Estimate","U.S. Census Bureau, 2016 American Community Survey 1-Year Estimates"
47,TN,Tennessee,state,2016,6649404,48547,"U.S. Census Bureau, 2016 Population Estimate","U.S. Census Bureau, 2016 American Community Survey 1-Year Estimates"
48,TX,Texas,state,2016,27904862,56565,"U.S. Census Bureau, 2016 Population Estimate","U.S. Census Bureau, 2016 American Community Survey 1-Year Estimates"
49,UT,Utah,state,2016,3044321,65977,"U.S. Census Bureau, 2016 Population Estimate","U.S. Census Bureau, 2016 American Community Survey 1-Year Estimates"
50,VT,Vermont,state,2016,623354,57677,"U.S. Census Bureau, 2016 Population Estimate","U.S. Census Bureau, 2016 American Community Survey 1-Year Estimates"
51,VA,Virginia,state,2016,8414380,68114,"U.S. Census Bureau, 2016 Population Estimate","U.S. Census Bureau, 2016 American Community Survey 1-Year Estimates"
53,WA,Washington,state,2016,7280934,67106,"U.S. Census Bureau, 2016 Population Estimate","U.S. Census Bureau, 2016 American Community Survey 1-Year Estimates"
54,WV,West Virginia,state,2016,1828637,43385,"U.S. Census Bureau, 2016 Population Estimate","U.S. Census Bureau, 2016 American Community Survey 1-Year Estimates"
55,WI,Wisconsin,state,2016,5772917,56811,"U.S. Census Bureau, 2016 Population Estimate","U.S. Census Bureau, 2016 American Community Survey 1-Year Estimates"
56,WY,Wyoming,state,2016,584910,59882,"U.S. Census Bureau, 2016 Population Estimate","U.S. Census Bureau, 2016 American Community Survey 1-Year Estimates"
60,AS,American Samoa,territory,2016,55519,23892,"U.S. Census Bureau, 2010 Census","U.S. Census Bureau, 2010 Census"
66,GU,Guam,territory,2016,159358,48274,"U.S. Census Bureau, 2010 Census","U.S. Census Bureau, 2010 Census"
69,MP,Northern Mariana Islands,territory,2016,53883,19958,"U.S. Census Bureau, 2010 Census","U.S. Census Bureau, 2010 Census"
72,PR,Puerto Rico,territory,2016,3406520,20078,"U.S. Census Bureau, 2016 Population Estimate","U.S. Census Bureau, 2016 American Community Survey 1-Year Estimates"
78,VI,U.S. Virgin Islands,territory,2016,106405,37254,"U.S. Census Bureau, 2010 Census","U.S. Census Bureau, 2010 Census"
1,AL,Alabama,state,2017,4874747,,"U.S. Census Bureau, 2017 Population Estimate ",
2,AK,Alaska,state,2017,739795,,"U.S. Census Bureau, 2017 Population Estimate ",
4,AZ,Arizona,state,2017,7016270,,"U.S. Census Bureau, 2017 Population Estimate ",
5,AR,Arkansas,state,2017,3004279,,"U.S. Census Bureau, 2017 Population Estimate ",
6,CA,California,state,2017,39536653,,"U.S. Census Bureau, 2017 Population Estimate ",
8,CO,Colorado,state,2017,5607154,,"U.S. Census Bureau, 2017 Population Estimate ",
9,CT,Connecticut,state,2017,3588184,,"U.S. Census Bureau, 2017 Population Estimate ",
10,DE,Delaware,state,2017,961939,,"U.S. Census Bureau, 2017 Population Estimate ",
11,DC,District of Columbia,district,2017,693972,,"U.S. Census Bureau, 2017 Population Estimate ",
12,FL,Florida,state,2017,20984400,,"U.S. Census Bureau, 2017 Population Estimate ",
13,GA,Georgia,state,2017,10429379,,"U.S. Census Bureau, 2017 Population Estimate ",
15,HI,Hawaii,state,2017,1427538,,"U.S. Census Bureau, 2017 Population Estimate ",
16,ID,Idaho,state,2017,1716943,,"U.S. Census Bureau, 2017 Population Estimate ",
17,IL,Illinois,state,2017,12802023,,"U.S. Census Bureau, 2017 Population Estimate ",
18,IN,Indiana,state,2017,6666818,,"U.S. Census Bureau, 2017 Population Estimate ",
19,IA,Iowa,state,2017,3145711,,"U.S. Census Bureau, 2017 Population Estimate ",
20,KS,Kansas,state,2017,2913123,,"U.S. Census Bureau, 2017 Population Estimate ",
21,KY,Kentucky,state,2017,4454189,,"U.S. Census Bureau, 2017 Population Estimate ",
22,LA,Louisiana,state,2017,4684333,,"U.S. Census Bureau, 2017 Population Estimate ",
23,ME,Maine,state,2017,1335907,,"U.S. Census Bureau, 2017 Population Estimate ",
24,MD,Maryland,state,2017,6052177,,"U.S. Census Bureau, 2017 Population Estimate ",
25,MA,Massachusetts,state,2017,6859819,,"U.S. Census Bureau, 2017 Population Estimate ",
26,MI,Michigan,state,2017,9962311,,"U.S. Census Bureau, 2017 Population Estimate ",
27,MN,Minnesota,state,2017,5576606,,"U.S. Census Bureau, 2017 Population Estimate ",
28,MS,Mississippi,state,2017,2984100,,"U.S. Census Bureau, 2017 Population Estimate ",
29,MO,Missouri,state,2017,6113532,,"U.S. Census Bureau, 2017 Population Estimate ",
30,MT,Montana,state,2017,1050493,,"U.S. Census Bureau, 2017 Population Estimate ",
31,NE,Nebraska,state,2017,1920076,,"U.S. Census Bureau, 2017 Population Estimate ",
32,NV,Nevada,state,2017,2998039,,"U.S. Census Bureau, 2017 Population Estimate ",
33,NH,New Hampshire,state,2017,1342795,,"U.S. Census Bureau, 2017 Population Estimate ",
34,NJ,New Jersey,state,2017,9005644,,"U.S. Census Bureau, 2017 Population Estimate ",
35,NM,New Mexico,state,2017,2088070,,"U.S. Census Bureau, 2017 Population Estimate ",
36,NY,New York,state,2017,19849399,,"U.S. Census Bureau, 2017 Population Estimate ",
37,NC,North Carolina,state,2017,10273419,,"U.S. Census Bureau, 2017 Population Estimate ",
38,ND,North Dakota,state,2017,755393,,"U.S. Census Bureau, 2017 Population Estimate ",
39,OH,Ohio,state,2017,11658609,,"U.S. Census Bureau, 2017 Population Estimate ",
40,OK,Oklahoma,state,2017,3930864,,"U.S. Census Bureau, 2017 Population Estimate ",
41,OR,Oregon,state,2017,4142776,,"U.S. Census Bureau, 2017 Population Estimate ",
42,PA,Pennsylvania,state,2017,12805537,,"U.S. Census Bureau, 2017 Population Estimate ",
44,RI,Rhode Island,state,2017,1059639,,"U.S. Census Bureau, 2017 Population Estimate ",
45,SC,South Carolina,state,2017,5024369,,"U.S. Census Bureau, 2017 Population Estimate ",
46,SD,South Dakota,state,2017,869666,,"U.S. Census Bureau, 2017 Population Estimate ",
47,TN,Tennessee,state,2017,6715984,,"U.S. Census Bureau, 2017 Population Estimate ",
48,TX,Texas,state,2017,28304596,,"U.S. Census Bureau, 2017 Population Estimate ",
49,UT,Utah,state,2017,3101833,,"U.S. Census Bureau, 2017 Population Estimate ",
50,VT,Vermont,state,2017,623657,,"U.S. Census Bureau, 2017 Population Estimate ",
51,VA,Virginia,state,2017,8470020,,"U.S. Census Bureau, 2017 Population Estimate ",
53,WA,Washington,state,2017,7405743,,"U.S. Census Bureau, 2017 Population Estimate ",
54,WV,West Virginia,state,2017,1815857,,"U.S. Census Bureau, 2017 Population Estimate ",
55,WI,Wisconsin,state,2017,5795483,,"U.S. Census Bureau, 2017 Population Estimate ",
56,WY,Wyoming,state,2017,579315,,"U.S. Census Bureau, 2017 Population Estimate ",
60,AS,American Samoa,territory,2017,55519,23892,"U.S. Census Bureau, 2010 Census","U.S. Census Bureau, 2010 Census"
66,GU,Guam,territory,2017,159358,48274,"U.S. Census Bureau, 2010 Census","U.S. Census Bureau, 2010 Census"
69,MP,Northern Mariana Islands,territory,2017,53883,19958,"U.S. Census Bureau, 2010 Census","U.S. Census Bureau, 2010 Census"
72,PR,Puerto Rico,territory,2017,3337177,,"U.S. Census Bureau, 2017 Population Estimate ",
78,VI,U.S. Virgin Islands,territory,2017,106405,37254,"U.S. Census Bureau, 2010 Census","U.S. Census Bureau, 2010 Census"
