CGAC AGENCY CODE,FPDS DEPARTMENT ID,AGENCY NAME,AGENCY ABBREVIATION,REGISTERED IN BROKER,REGISTERED IN ASP,ORIGINAL SOURCE FOR CGAC or SubTier,SUBTIER CODE,SUBTIER NAME,SUBTIER ABBREVIATION, Admin Org Name,ADMIN_ORG,FREC,FREC Entity Description,SubTierAcronymSource,SubTier appears in data in FPDS or ASP?,REGISTERED IN ASP.1,AGENCY NAME (ORIGINAL),SUBTIER NAME (ORIGINAL),IS_FREC,MISSION,WEBSITE,ICON FILENAME
010,1027,The Judicial Branch,,NO,NO,OMB File,1027,Administrative Office of the U.S. Courts,AO,Administrative Office of the United States Courts,26,1000,The Judiciary,,,,ADMINISTRATIVE OFFICE OF THE U.S. COURTS,,FALSE,,,
011,1100,Executive Office of the President,EOP,YES,NO,OMB File,1100,Executive Office of the President,EOP,,,1100,Executive Office of the President,GPO Acronym List,,,,,TRUE,,,
011,1100,Executive Office of the President,EOP,YES,NO,OMB File,1127,Office of the National Drug Control Policy,ONDCP,,,1100,Executive Office of the President,,,YES,,,TRUE,,,
011,1100,Executive Office of the President,EOP,YES,NO,OMB File,1141,African Development Foundation,USADF,African Development Foundation,38,1136,African Development Foundation,,,YES,,,TRUE,,,
011,1100,Executive Office of the President,EOP,YES,NO,OMB File,1143,Inter-American Foundation,IAF,Inter-American Foundation,31,1130,Inter-American Foundation,,,YES,,,TRUE,,,
011,1145,Executive Office of the President,EOP,YES,NO,OMB File,1145,Peace Corps,PC,Peace Corps,44,1125,Peace Corps,GPO Acronym List,,YES,PEACE CORPS,,TRUE,,,
011,1153,Executive Office of the President,EOP,YES,NO,OMB File,1153,United States Trade and Development Agency,USTDA,Trade and Development Programs,06,1133,United States Trade and Development Agency,,,YES,UNITED STATES TRADE AND DEVELOPMENT AGENCY,,TRUE,,,
012,1200,Department of Agriculture,USDA,YES,YES,OMB File,1200,Department of Agriculture,USDA,DEPARTMENT OF AGRICULTURE,00,1200,Department of Agriculture,GPO Acronym List,Yes,YES,"AGRICULTURE, DEPARTMENT OF","AGRICULTURE, DEPARTMENT OF",FALSE,"We provide leadership on food, agriculture, natural resources, rural development, nutrition, and related issues based on sound public policy, the best available science, and efficient management.",https://www.usda.gov/,USDA.jpg
012,1200,Department of Agriculture,USDA,YES,YES,OMB File,1201,Immediate Office of the Secretary of Agriculture,,Office of the Secretary,03,1200,Department of Agriculture,,,,"AGRICULTURE, DEPARTMENT OF",,FALSE,,,
012,1200,Department of Agriculture,USDA,YES,YES,OMB File,1203,Office of General Counsel,OGC,Office of the General Counsel,22,1200,Department of Agriculture,,,,"AGRICULTURE, DEPARTMENT OF","USDA, Office of General Counsel",FALSE,,,
012,1200,Department of Agriculture,USDA,YES,YES,OMB File,1204,Office of the Inspector General,OIG,Office of the Inspector General,09,1200,Department of Agriculture,,Yes,,"AGRICULTURE, DEPARTMENT OF",Office of Inspector General,FALSE,,,
012,1200,Department of Agriculture,USDA,YES,YES,OMB File,1205,Office of the Chief Financial Officer,OCFO,,,1200,Department of Agriculture,,Yes,,"AGRICULTURE, DEPARTMENT OF","USDA, Office of the Chief Financial Officer",FALSE,,,
012,1200,Department of Agriculture,USDA,YES,YES,OMB File,1208,Office of Communication,OC,Office of Communications,06,1200,Department of Agriculture,,,,"AGRICULTURE, DEPARTMENT OF","USDA, Office of Communication",FALSE,,,
012,1200,Department of Agriculture,USDA,YES,YES,OMB File,120A,Administration,,,,1200,Department of Agriculture,,Yes,,"AGRICULTURE, DEPARTMENT OF",USDA Administration,FALSE,,,
012,1200,Department of Agriculture,USDA,YES,YES,OMB File,1215,Office of Operations,OO,,,1200,Department of Agriculture,,Yes,,"AGRICULTURE, DEPARTMENT OF","USDA, Office of Operations",FALSE,,,
012,1200,Department of Agriculture,USDA,YES,YES,OMB File,1217,Office of Finance and Management,,,,1200,Department of Agriculture,,Yes,,"AGRICULTURE, DEPARTMENT OF",,FALSE,,,
012,1200,Department of Agriculture,USDA,YES,YES,OMB File,12A2,Office of Executive Secretariat,OES,,,1200,Department of Agriculture,,,,"AGRICULTURE, DEPARTMENT OF","USDA, Office of Executive Secretariat",FALSE,,,
012,1200,Department of Agriculture,USDA,YES,YES,OMB File,12A4,Office of Homeland Security and Emergency Coordination,OHSEC,,,1200,Department of Agriculture,,,,"AGRICULTURE, DEPARTMENT OF","USDA, Office of Homeland Security and Emergency Coordination",FALSE,,,
012,1200,Department of Agriculture,USDA,YES,YES,OMB File,12A5,Office of the Chief Economist,OCE,,,1200,Department of Agriculture,,Yes,,"AGRICULTURE, DEPARTMENT OF","USDA, Office of the Chief Economist",FALSE,,,
012,1200,Department of Agriculture,USDA,YES,YES,OMB File,12A6,Office of Budget and Program Analysis,OBPA,,,1200,Department of Agriculture,,,,"AGRICULTURE, DEPARTMENT OF","USDA, Office of Budget and Program Analysis",FALSE,,,
012,1200,Department of Agriculture,USDA,YES,YES,OMB File,12A7,Office of the Chief Information Officer,OCIO,,,1200,Department of Agriculture,,Yes,,"AGRICULTURE, DEPARTMENT OF","USDA, Office of the Chief Information Officer",FALSE,,,
012,1200,Department of Agriculture,USDA,YES,YES,OMB File,12A9,National Appeals Division,NAD,,,1200,Department of Agriculture,,,,"AGRICULTURE, DEPARTMENT OF","USDA, National Appeals Division",FALSE,,,
012,1200,Department of Agriculture,USDA,YES,YES,OMB File,12B0,Assistant Secretary for Departmental Management,,,,1200,Department of Agriculture,,Yes,,"AGRICULTURE, DEPARTMENT OF","USDA, Assistant Secretary for Departmental Management",FALSE,,,
012,1200,Department of Agriculture,USDA,YES,YES,OMB File,12B2,Office of Assistant Secretary of Civil Rights,,,,1200,Department of Agriculture,,,,"AGRICULTURE, DEPARTMENT OF","USDA, Office of Assistant Secretary of Civil Rights",FALSE,,,
012,1200,Department of Agriculture,USDA,YES,YES,OMB File,12B3,Office of Procurement and Property Management,OPPM,,,1200,Department of Agriculture,,,,"AGRICULTURE, DEPARTMENT OF","USDA, Office of Procurement and Property Management",FALSE,,,
012,1200,Department of Agriculture,USDA,YES,YES,OMB File,12B5,Office of Human Resource Management,OHRM,,,1200,Department of Agriculture,,,,"AGRICULTURE, DEPARTMENT OF","USDA, Office of Human Resource Management",FALSE,,,
012,1200,Department of Agriculture,USDA,YES,YES,OMB File,12B8,Board of Contract Appeals,BCA,,,1200,Department of Agriculture,,,,"AGRICULTURE, DEPARTMENT OF","USDA, Board of Contract Appeals",FALSE,,,
012,1200,Department of Agriculture,USDA,YES,YES,OMB File,12BC,Office of Advocacy and Outreach,OAO,,,1200,Department of Agriculture,,,,"AGRICULTURE, DEPARTMENT OF",,FALSE,,,
012,1200,Department of Agriculture,USDA,YES,YES,OMB File,12BD,Office of Ethics,OE,,,1200,Department of Agriculture,,,,"AGRICULTURE, DEPARTMENT OF",,FALSE,,,
012,1200,Department of Agriculture,USDA,YES,YES,OMB File,12C2,Forest Service,FS,Forest Service,11,1200,Department of Agriculture,GPO Acronym List,Yes,,"AGRICULTURE, DEPARTMENT OF",,FALSE,,,
012,1200,Department of Agriculture,USDA,YES,YES,OMB File,12C3,Natural Resources Conservation Service,NRCS,Natural Resources Conservation Service,10,1200,Department of Agriculture,GPO Acronym List,Yes,,"AGRICULTURE, DEPARTMENT OF",,FALSE,,,
012,1200,Department of Agriculture,USDA,YES,YES,OMB File,12D2,Farm Service Agency,FSA,Farm Service Agency,49,1200,Department of Agriculture,GPO Acronym List,Yes,,"AGRICULTURE, DEPARTMENT OF",,FALSE,,,
012,1200,Department of Agriculture,USDA,YES,YES,OMB File,12D3,Foreign Agricultural Service,FAS,,,1200,Department of Agriculture,GPO Acronym List,Yes,,"AGRICULTURE, DEPARTMENT OF",,FALSE,,,
012,1200,Department of Agriculture,USDA,YES,YES,OMB File,12D4,Risk Management Agency,RMA,Risk Management Service,08,1200,Department of Agriculture,GPO Acronym List,Yes,,"AGRICULTURE, DEPARTMENT OF",,FALSE,,,
012,1200,Department of Agriculture,USDA,YES,YES,OMB File,12F2,Food and Nutrition Service,FNS,,,1200,Department of Agriculture,GPO Acronym List,Yes,,"AGRICULTURE, DEPARTMENT OF",,FALSE,,,
012,1200,Department of Agriculture,USDA,YES,YES,OMB File,12G2,Food Safety and Inspection Service,FSIS,,,1200,Department of Agriculture,GPO Acronym List,Yes,,"AGRICULTURE, DEPARTMENT OF",,FALSE,,,
012,1200,Department of Agriculture,USDA,YES,YES,OMB File,12H2,Agricultural Research Service,ARS,Agricultural Research Service,14,1200,Department of Agriculture,GPO Acronym List,Yes,,"AGRICULTURE, DEPARTMENT OF",,FALSE,,,
012,1200,Department of Agriculture,USDA,YES,YES,OMB File,12H3,National Institute of Food and Agriculture,NIFA,National Institute of Food and Agriculture,15,1200,Department of Agriculture,GPO Acronym List,Yes,,"AGRICULTURE, DEPARTMENT OF",,FALSE,,,
012,1200,Department of Agriculture,USDA,YES,YES,OMB File,12H4,Economic Research Service,ERS,Economic Research Service,17,1200,Department of Agriculture,GPO Acronym List,Yes,,"AGRICULTURE, DEPARTMENT OF",,FALSE,,,
012,1200,Department of Agriculture,USDA,YES,YES,OMB File,12H5,National Agricultural Statistics Service,NASS,National Agricultural Statistics Service,18,1200,Department of Agriculture,GPO Acronym List,Yes,,"AGRICULTURE, DEPARTMENT OF",,FALSE,,,
012,1200,Department of Agriculture,USDA,YES,YES,OMB File,12K2,Agricultural Marketing Service,AMS,Agricultural Marketing Service,25,1200,Department of Agriculture,,Yes,,"AGRICULTURE, DEPARTMENT OF",,FALSE,,,
012,1200,Department of Agriculture,USDA,YES,YES,OMB File,12K3,Animal and Plant Health Inspection Service,APHIS,Animal & Plant Health Inspection Service,16,1200,Department of Agriculture,,Yes,,"AGRICULTURE, DEPARTMENT OF",,FALSE,,,
012,1200,Department of Agriculture,USDA,YES,YES,OMB File,12K4,"Grain Inspection, Packers and Stockyards Administration",GIPSA,"Grain Inspection, Packers and Stockyards Administration",24,1200,Department of Agriculture,GPO Acronym List,Yes,,"AGRICULTURE, DEPARTMENT OF",,FALSE,,,
013,1300,Department of Commerce,DOC,YES,YES,OMB File,1300,Department of Commerce,DOC,,,1300,Department of Commerce,GPO Acronym List,,YES,"COMMERCE, DEPARTMENT OF","COMMERCE, DEPARTMENT OF",FALSE,The mission of the Department is to create the conditions for economic growth and opportunity.,https://www.commerce.gov/,DOC.jpg
013,1300,Department of Commerce,DOC,YES,YES,OMB File,1301,Office of the Secretary,OS,Office of the Secretary,01,1300,Department of Commerce,,,,"COMMERCE, DEPARTMENT OF",,FALSE,,,
013,1300,Department of Commerce,DOC,YES,YES,OMB File,1304,Office of the Inspector General,OIG,,,1300,Department of Commerce,,,,"COMMERCE, DEPARTMENT OF",,FALSE,,,
013,1300,Department of Commerce,DOC,YES,YES,FPDS File,1316,Bureau of Industry and Security,BIS,Bureau of Industry and Security,30,1300,Department of Commerce,GPO Acronym List,,,"COMMERCE, DEPARTMENT OF",[new from FPDS file],FALSE,,,
013,1300,Department of Commerce,DOC,YES,YES,OMB File,1321,Bureau of Economic Analysis,EAB,,,1300,Department of Commerce,GPO Acronym List,,,"COMMERCE, DEPARTMENT OF",,FALSE,,,
013,1300,Department of Commerce,DOC,YES,YES,OMB File,1323,U.S. Census Bureau,,Bureau of the Census,04,1300,Department of Commerce,,,YES,"COMMERCE, DEPARTMENT OF",US CENSUS BUREAU,FALSE,,,
013,1300,Department of Commerce,DOC,YES,YES,OMB File,1325,Economic Development Administration,EDA,Economic Development Administration,20,1300,Department of Commerce,GPO Acronym List,,YES,"COMMERCE, DEPARTMENT OF",,FALSE,,,
013,1300,Department of Commerce,DOC,YES,YES,OMB File,1330,National Oceanic and Atmospheric Administration,NOAA,National Oceanic & Atmospheric Administration,14,1300,Department of Commerce,GPO Acronym List,,YES,"COMMERCE, DEPARTMENT OF",,FALSE,,,
013,1300,Department of Commerce,DOC,YES,YES,OMB File,1335,National Telecommunications and Information Administration,NTIA,National Telecommunications and Information Administration,60,1300,Department of Commerce,GPO Acronym List,,,"COMMERCE, DEPARTMENT OF",,FALSE,,,
013,1300,Department of Commerce,DOC,YES,YES,OMB File,1341,National Institute of Standards and Technology,NIST,National Institute of Standards & Technology,06,1300,Department of Commerce,GPO Acronym List,,YES,"COMMERCE, DEPARTMENT OF",,FALSE,,,
013,1300,Department of Commerce,DOC,YES,YES,OMB File,1342,National Technical Information Service,NTIS,National Technical Information Service,07,1300,Department of Commerce,,,,"COMMERCE, DEPARTMENT OF",,FALSE,,,
013,1300,Department of Commerce,DOC,YES,YES,OMB File,1344,U.S. Patent and Trademark Office,USPTO,Patent & Trademark Office,10,1300,Department of Commerce,,,,"COMMERCE, DEPARTMENT OF",US PATENT AND TRADEMARK OFFICE,FALSE,,,
013,1300,Department of Commerce,DOC,YES,YES,OMB File,1350,International Trade Administration,ITA,International Trade Administration,12,1300,Department of Commerce,GPO Acronym List,,YES,"COMMERCE, DEPARTMENT OF",,FALSE,,,
013,1300,Department of Commerce,DOC,YES,YES,OMB File,1351,U.S. Export Administration,,,,1300,Department of Commerce,,,,"COMMERCE, DEPARTMENT OF",,FALSE,,,
013,1300,Department of Commerce,DOC,YES,YES,OMB File,1352,Minority Business Development Agency,MBDA,Minority Business Development Agency,02,1300,Department of Commerce,GPO Acronym List,,YES,"COMMERCE, DEPARTMENT OF",,FALSE,,,
014,1400,Department of the Interior,DOI,YES,YES,OMB File,1400,Department of the Interior,DOI,,,1400,Department of the Interior,GPO Acronym List,,YES,"INTERIOR, DEPARTMENT OF THE","INTERIOR, DEPARTMENT OF THE",FALSE,"The Department of the Interior protects and manages the Nation's natural resources and cultural heritage; provides scientific and other information about those resources; and honors its trust responsibilities or special commitments to American Indians, Alaska Natives, and affiliated island communities.",https://www.doi.gov/,DOI.jpg
014,1400,Department of the Interior,DOI,YES,YES,OMB File,1402,Office of the Under Secretary of the Interior,,,,1400,Department of the Interior,,,,"INTERIOR, DEPARTMENT OF THE",,FALSE,,,
014,1400,Department of the Interior,DOI,YES,YES,OMB File,1403,Office of the Solicitor,,Office of the Solicitor,86,1400,Department of the Interior,,,,"INTERIOR, DEPARTMENT OF THE",,FALSE,,,
014,1400,Department of the Interior,DOI,YES,YES,OMB File,1404,Office of the Inspector General,OIG,Office of Inspector General,02,1400,Department of the Interior,,,,"INTERIOR, DEPARTMENT OF THE",,FALSE,,,
014,1400,Department of the Interior,DOI,YES,YES,OMB File,1406,Departmental Offices,,Departmental Offices,01,1400,Department of the Interior,,,,"INTERIOR, DEPARTMENT OF THE",,FALSE,,,
014,1400,Department of the Interior,DOI,YES,YES,OMB File,1409,Insular Affairs,OIA,Insular Affairs,85,1400,Department of the Interior,,,,"INTERIOR, DEPARTMENT OF THE",,FALSE,,,
014,1400,Department of the Interior,DOI,YES,YES,OMB File,1415,Office of the Special Trustee for American Indians,OST,Office of Special Trustee for American Indians,25,1400,Department of the Interior,,,,"INTERIOR, DEPARTMENT OF THE",,FALSE,,,
014,1400,Department of the Interior,DOI,YES,YES,OMB File,1416,Indian Arts and Crafts Board,IACB,,,1400,Department of the Interior,,,,"INTERIOR, DEPARTMENT OF THE",,FALSE,,,
014,1400,Department of the Interior,DOI,YES,YES,OMB File,1422,Bureau of Land Management,BLM,Bureau of Land Management,11,1400,Department of the Interior,GPO Acronym List,,,"INTERIOR, DEPARTMENT OF THE",,FALSE,,,
014,1400,Department of the Interior,DOI,YES,YES,OMB File,1425,Bureau of Reclamation,BOR,Bureau of Reclamation,06,1400,Department of the Interior,GPO Acronym List,,,"INTERIOR, DEPARTMENT OF THE",,FALSE,,,
014,1400,Department of the Interior,DOI,YES,YES,OMB File,1434,U.S. Geological Survey,USGS,U.S. Geological Survey,08,1400,Department of the Interior,,,,"INTERIOR, DEPARTMENT OF THE",US GEOLOGICAL SURVEY,FALSE,,,
014,1400,Department of the Interior,DOI,YES,YES,OMB File,1435,Bureau of Ocean Energy Management,BOEM,Bureau of Ocean Energy Management,19,1400,Department of the Interior,,,,"INTERIOR, DEPARTMENT OF THE",,FALSE,,,
014,1400,Department of the Interior,DOI,YES,YES,OMB File,1436,Bureau of Safety and Environmental Enforcement,BSEE,Bureau of Safety and Environmental Enforcement,22,1400,Department of the Interior,,,YES,"INTERIOR, DEPARTMENT OF THE",,FALSE,,,
014,1400,Department of the Interior,DOI,YES,YES,OMB File,1438,"Office of Surface Mining, Reclamation and Enforcement",OSMRE,Office of Surface Mining Reclamation and Enforcement,18,1400,Department of the Interior,,,,"INTERIOR, DEPARTMENT OF THE",,FALSE,,,
014,1400,Department of the Interior,DOI,YES,YES,OMB File,1443,National Park Service,NPS,National Park Service,10,1400,Department of the Interior,GPO Acronym List,,,"INTERIOR, DEPARTMENT OF THE",,FALSE,,,
014,1400,Department of the Interior,DOI,YES,YES,OMB File,1445,National Biological Survey,NBS,,,1400,Department of the Interior,,,,"INTERIOR, DEPARTMENT OF THE",,FALSE,,,
014,1400,Department of the Interior,DOI,YES,YES,OMB File,1448,U.S. Fish and Wildlife Service,USFWS,U.S. Fish and Wildlife Service,16,1400,Department of the Interior,,,,"INTERIOR, DEPARTMENT OF THE",,FALSE,,,
014,1400,Department of the Interior,DOI,YES,YES,OMB File,1450,Bureau of Indian Affairs and Bureau of Indian Education,,Bureau of Indian Affairs and Bureau of Indian Education,20,1400,Department of the Interior,,,,"INTERIOR, DEPARTMENT OF THE",,FALSE,,,
014,1400,Department of the Interior,DOI,YES,YES,OMB File,1469,National Indian Gaming Commission,NIGC,,,1400,Department of the Interior,GPO Acronym List,,,"INTERIOR, DEPARTMENT OF THE",,FALSE,,,
015,1500,Department of Justice,DOJ,YES,YES,OMB File,1500,Department of Justice,DOJ,,,1500,Department of Justice,GPO Acronym List,,YES,"JUSTICE, DEPARTMENT OF","JUSTICE, DEPARTMENT OF",FALSE,To enforce the law and defend the interests of the United States according to the law; to ensure public safety against threats foreign and domestic; to provide federal leadership in preventing and controlling crime; to seek just punishment for those guilty of unlawful behavior; and to ensure fair and impartial administration of justice for all Americans.,https://www.justice.gov/,DOJ.jpg
015,1500,Department of Justice,DOJ,YES,YES,OMB File,1501,"Offices, Boards and Divisions",,,,1500,Department of Justice,,,,"JUSTICE, DEPARTMENT OF",,FALSE,,,
015,1500,Department of Justice,DOJ,YES,YES,OMB File,1504,Office of the Inspector General,OIG,,,1500,Department of Justice,,,,"JUSTICE, DEPARTMENT OF",,FALSE,,,
015,1500,Department of Justice,DOJ,YES,YES,OMB File,1524,Drug Enforcement Administration,DEA,Drug Enforcement Administration,11,1500,Department of Justice,GPO Acronym List,,,"JUSTICE, DEPARTMENT OF",,FALSE,,,
015,1500,Department of Justice,DOJ,YES,YES,OMB File,1526,Executive Office for U.S. Attorneys and the Offices of U.S. Attorneys,,,,1500,Department of Justice,,,,"JUSTICE, DEPARTMENT OF",,FALSE,,,
015,1500,Department of Justice,DOJ,YES,YES,OMB File,1540,Federal Prison System / Bureau of Prisons,,Federal Prison System,10,1500,Department of Justice,,,,"JUSTICE, DEPARTMENT OF",,FALSE,,,
015,1500,Department of Justice,DOJ,YES,YES,FPDS File,1542,Federal Prison Industries / Unicor,,,,1500,Department of Justice,,,,"JUSTICE, DEPARTMENT OF",[new from FPDS file],FALSE,,,
015,1500,Department of Justice,DOJ,YES,YES,OMB File,1544,U.S. Marshals Service,,United States Marshals Service,18,1500,Department of Justice,,,,"JUSTICE, DEPARTMENT OF",,FALSE,,,
015,1500,Department of Justice,DOJ,YES,YES,OMB File,1549,Federal Bureau of Investigation,FBI,Federal Bureau of Investigation,02,1500,Department of Justice,GPO Acronym List,,,"JUSTICE, DEPARTMENT OF",,FALSE,,,
015,1500,Department of Justice,DOJ,YES,YES,OMB File,1550,Office of Justice Programs,OJP,Office of Justice Programs,04,1500,Department of Justice,,,,"JUSTICE, DEPARTMENT OF",,FALSE,,,
015,1500,Department of Justice,DOJ,YES,YES,OMB File,1560,"Bureau of Alcohol, Tobacco, Firearms and Explosives Acquisition and Property Management Division",,"Bureau of Alcohol,Tobacco, Firearms, and Explosives",07,1500,Department of Justice,,,,"JUSTICE, DEPARTMENT OF",ATF ACQUISITION AND PROPERTY MGMT DIV,FALSE,,,
016,1600,Department of Labor,DOL,YES,YES,OMB File,1600,Department of Labor,DOL,DEPARTMENT OF LABOR,00,1601,Department of Labor,GPO Acronym List,,YES,"LABOR, DEPARTMENT OF","LABOR, DEPARTMENT OF",TRUE,"To foster, promote, and develop the welfare of the wage earners, job seekers, and retirees of the United States; improve working conditions; advance opportunities for profitable employment; and assure work-related benefits and rights.",https://www.dol.gov/,DOL.jpg
016,1600,Department of Labor,DOL,YES,YES,OMB File,1601,Immediate Office of the Secretary,OS,,,1601,Department of Labor,,,,"LABOR, DEPARTMENT OF",Immediate Office of the Secretary of Labor,TRUE,,,
016,1600,Department of Labor,DOL,YES,YES,OMB File,1603,Office of the Solicitor,SOL,,,1601,Department of Labor,,,,"LABOR, DEPARTMENT OF",,TRUE,,,
016,1600,Department of Labor,DOL,YES,YES,OMB File,1604,Office of Inspector General,OIG,,,1601,Department of Labor,,,,"LABOR, DEPARTMENT OF",,TRUE,,,
016,1600,Department of Labor,DOL,YES,YES,OMB File,1605,Office of the Assistant Secretary for Administration and Management,,,,1601,Department of Labor,,,,"LABOR, DEPARTMENT OF",,TRUE,,,
016,1600,Department of Labor,DOL,YES,YES,OMB File,1606,Office of the Assistant Secretary for Policy,,,,1601,Department of Labor,,,,"LABOR, DEPARTMENT OF",,TRUE,,,
016,1600,Department of Labor,DOL,YES,YES,OMB File,1607,Office of the Deputy Under Secretary for Congressional Affairs,,,,1601,Department of Labor,,,,"LABOR, DEPARTMENT OF",OFF OF THE DEPUTY UNDER SECRETARY FOR CONGRESSIONAL AFFAIRS,TRUE,,,
016,1600,Department of Labor,DOL,YES,YES,OMB File,1608,Office of Information and Public Affairs,,,,1601,Department of Labor,,,,"LABOR, DEPARTMENT OF",,TRUE,,,
016,1600,Department of Labor,DOL,YES,YES,OMB File,1609,Bureau of International Labor Affairs,ILAB,,,1601,Department of Labor,,,,"LABOR, DEPARTMENT OF",,TRUE,,,
016,1600,Department of Labor,DOL,YES,YES,OMB File,160S,Office of the Secretary,OS,,,1601,Department of Labor,,,,"LABOR, DEPARTMENT OF",Office of the Secretary of Labor,TRUE,,,
016,1600,Department of Labor,DOL,YES,YES,OMB File,1613,Office of Administrative Law Judges,OALJ,,,1601,Department of Labor,,,,"LABOR, DEPARTMENT OF",,TRUE,,,
016,1600,Department of Labor,DOL,YES,YES,OMB File,1615,Benefits Review Board,BRB,,,1601,Department of Labor,,,,"LABOR, DEPARTMENT OF",,TRUE,,,
016,1600,Department of Labor,DOL,YES,YES,OMB File,1617,Administrative Review Board,ARB,,,1601,Department of Labor,,,,"LABOR, DEPARTMENT OF",,TRUE,,,
016,1600,Department of Labor,DOL,YES,YES,OMB File,1621,Employee Benefits Security Administration,EBSA,Employee Benefits Security Administration,11,1601,Department of Labor,GPO Acronym List,,,"LABOR, DEPARTMENT OF",,TRUE,,,
016,1600,Department of Labor,DOL,YES,YES,OMB File,1622,Office of Chief Financial Officer,OCFO,,,1601,Department of Labor,,,,"LABOR, DEPARTMENT OF",,TRUE,,,
016,1600,Department of Labor,DOL,YES,YES,OMB File,1625,Bureau of Labor Statistics,BLS,Bureau of Labor Statistics,02,1601,Department of Labor,GPO Acronym List,,,"LABOR, DEPARTMENT OF",,TRUE,,,
016,1600,Department of Labor,DOL,YES,YES,OMB File,1630,Employment and Training Administration,ETA,EMPLOYMENT AND TRAINING ADMINISTRATION,03,1601,Department of Labor,GPO Acronym List,,,"LABOR, DEPARTMENT OF",,TRUE,,,
016,1600,Department of Labor,DOL,YES,YES,OMB File,1631,Office of Job Corps,,,,1601,Department of Labor,,,,"LABOR, DEPARTMENT OF",,TRUE,,,
016,1600,Department of Labor,DOL,YES,YES,OMB File,1635,Employment Standards Administration,ESA,Employment Standards Administration,17,1601,Department of Labor,GPO Acronym List,,,"LABOR, DEPARTMENT OF",,TRUE,,,
016,1600,Department of Labor,DOL,YES,YES,OMB File,1636,Wage and Hour Division,WHD,Wage and Hour Division,16,1601,Department of Labor,GPO Acronym List,,,"LABOR, DEPARTMENT OF",,TRUE,,,
016,1600,Department of Labor,DOL,YES,YES,OMB File,1637,Office of Federal Contract Compliance Program,OFCCP,Office of Federal Contract and Compliance Programs,22,1601,Department of Labor,,,,"LABOR, DEPARTMENT OF",,TRUE,,,
016,1600,Department of Labor,DOL,YES,YES,OMB File,1638,Office of Workers Compensation Program,OWCP,Office of Workers Compensation Programs,15,1601,Department of Labor,,,,"LABOR, DEPARTMENT OF",,TRUE,,,
016,1600,Department of Labor,DOL,YES,YES,OMB File,1639,Office of Labor-Management Standards,OLMS,Office of Labor Management and Standards,23,1601,Department of Labor,,,,"LABOR, DEPARTMENT OF",,TRUE,,,
016,1600,Department of Labor,DOL,YES,YES,OMB File,1645,Mine Safety and Health Administration,MSHA,MINE SAFETY AND HEALTH ADMINISTRATION,12,1601,Department of Labor,GPO Acronym List,,,"LABOR, DEPARTMENT OF",,TRUE,,,
016,1600,Department of Labor,DOL,YES,YES,OMB File,1650,Occupational Safety and Health Administration,OSHA,OCCUPATIONAL SAFETY AND HEALTH ADMINISTRATION,04,1601,Department of Labor,GPO Acronym List,,,"LABOR, DEPARTMENT OF",,TRUE,,,
016,1600,Department of Labor,DOL,YES,YES,OMB File,1653,Veterans Employment and Training Services,VETS,,,1601,Department of Labor,,,,"LABOR, DEPARTMENT OF",,TRUE,,,
016,1600,Department of Labor,DOL,YES,YES,OMB File,1655,Women's Bureau,WB,,,1601,Department of Labor,,,,"LABOR, DEPARTMENT OF",,TRUE,,,
016,1600,Department of Labor,DOL,YES,YES,OMB File,1667,President's Committee on Employment of the Handicapped,,,,1601,Department of Labor,,,,"LABOR, DEPARTMENT OF",,TRUE,,,
016,1665,Department of Labor,DOL,YES,YES,OMB File,1665,Pension Benefit Guaranty Corporation,PBGC,Pension Benefit Guaranty Corporation,06,1602,Pension Benefit Guaranty Corporation,GPO Acronym List,,YES,PENSION BENEFIT GUARANTY CORPORATION,,TRUE,,,
018,1800,U.S. Postal Service,USPS,YES*,NO,OMB File,1800,U.S. Postal Service,USPS,U.S. Postal Service,03,1800,United States Postal Service,,,,POSTAL SERVICE,POSTAL SERVICE,FALSE,,,
019,1900,Department of State,DOS,YES,YES,OMB File,1900,Department of State,DOS,DEPARTMENT OF STATE,00,1900,Department of State,GPO Acronym List,,YES,"STATE, DEPARTMENT OF","STATE, DEPARTMENT OF",FALSE,"The Department's mission is to shape and sustain a peaceful, prosperous, just, and democratic world and foster conditions for stability and progress for the benefit of the American people and people everywhere. This mission is shared with the USAID, ensuring we have a common path forward in partnership as we invest in the shared security and prosperity that will ultimately better prepare us for the challenges of tomorrow.",https://www.state.gov/,DOS.jpg
019,1900,Department of State,DOS,YES,YES,FPDS File,19BM,International Boundary and Water Commission: U.S.-Mexico,IBWC,,,1900,Department of State,,,,"STATE, DEPARTMENT OF",[new from FPDS file],FALSE,,,
020,2000,Department of the Treasury,TREAS,YES,YES,OMB File,2001,Departmental Offices,DO,"Main Treasury, Office of the Secretary,Departmental Offices",01,2000,Department of the Treasury,,,,"TREASURY, DEPARTMENT OF THE",,FALSE,,,
020,2000,Department of the Treasury,TREAS,YES,YES,OMB File,2004,Office of Inspector General,OIG,Office of Inspector General,08,2000,Department of the Treasury,,,,"TREASURY, DEPARTMENT OF THE",Inspector General,FALSE,,,
020,2000,Department of the Treasury,TREAS,YES,YES,OMB File,2014,Office of the Inspector General for Tax Administration,TIGTA,Inspector General for Tax Administration,04,2000,Department of the Treasury,,,,"TREASURY, DEPARTMENT OF THE",,FALSE,,,
020,2000,Department of the Treasury,TREAS,YES,YES,OMB File,2022,Alcohol and Tobacco Tax and Trade Bureau,TTB,Alcohol and Tobacco Tax and Trade Bureau,10,2000,Department of the Treasury,GPO Acronym List,,,"TREASURY, DEPARTMENT OF THE",,FALSE,,,
020,2000,Department of the Treasury,TREAS,YES,YES,OMB File,2026,Financial Crime Enforcement Network,FINCEN,Financial Crimes Enforcement Network,46,2000,Department of the Treasury,,,,"TREASURY, DEPARTMENT OF THE",,FALSE,,,
020,2000,Department of the Treasury,TREAS,YES,YES,OMB File,2033,Financial Management Service,FMS,,,2000,Department of the Treasury,,,,"TREASURY, DEPARTMENT OF THE",,FALSE,,,
020,2000,Department of the Treasury,TREAS,YES,YES,OMB File,2036,Bureau of the Fiscal Service,,,,2000,Department of the Treasury,,,,"TREASURY, DEPARTMENT OF THE",,FALSE,,,
020,2000,Department of the Treasury,TREAS,YES,YES,OMB File,2041,Bureau of Engraving and Printing,BEP,Bureau of Engraving and Printing,13,2000,Department of the Treasury,,,,"TREASURY, DEPARTMENT OF THE",,FALSE,,,
020,2000,Department of the Treasury,TREAS,YES,YES,OMB File,2044,United States Mint,USMINT,Bureau of the Mint,16,2000,Department of the Treasury,GPO Acronym List,,,"TREASURY, DEPARTMENT OF THE",,FALSE,,,
020,2000,Department of the Treasury,TREAS,YES,YES,OMB File,2046,Office of the Comptroller of the Currency,OCC,Comptroller of the Currency,71,2000,Department of the Treasury,,,,"TREASURY, DEPARTMENT OF THE",,FALSE,,,
020,2000,Department of the Treasury,TREAS,YES,YES,OMB File,2050,Internal Revenue Service,IRS,Internal Revenue Service,09,2000,Department of the Treasury,GPO Acronym List,,,"TREASURY, DEPARTMENT OF THE",,FALSE,,,
020,2000,Department of the Treasury,TREAS,YES,YES,OMB File,2066,Community Development Financial Institutions Fund,,,,2000,Department of the Treasury,,,,"TREASURY, DEPARTMENT OF THE",Community Development Financial Institutions,FALSE,,,
020,2000,Department of the Treasury,TREAS,YES,YES,OMB File,2083,Special Inspector General for the Troubled Asset Relief Program (TARP),SIGTARP,,,2000,Department of the Treasury,,,,"TREASURY, DEPARTMENT OF THE",Special Inspector General for the Troubled Asset Relief Program,FALSE,,,
024,2400,Office of Personnel Management,OPM,YES,YES,OMB File,2400,Office of Personnel Management,OPM,,,2400,Office of Personnel Management,GPO Acronym List,,YES,,,FALSE,"Recruit, retain, and honor a world-class workforce to serve the American people.",https://www.opm.gov/,OPM.JPG
025,2500,National Credit Union Administration,NCUA,YES,YES,OMB File,2500,National Credit Union Administration,NCUA,,,2500,National Credit Union Administration,GPO Acronym List,,YES,,,FALSE,,,
027,2700,Federal Communications Commission,FCC,YES,YES,OMB File,2700,Federal Communications Commission,FCC,,,2700,Federal Communications Commission,GPO Acronym List,,YES,,,FALSE,,,
028,2800,Social Security Administration,SSA,YES,YES,OMB File,2800,Social Security Administration,SSA,,,2800,Social Security Administration,GPO Acronym List,,YES,,,FALSE,Deliver Social Security services that meet the changing needs of the public.,https://www.ssa.gov/,SSA.png
029,2900,Federal Trade Commission,FTC,YES,YES,OMB File,2900,Federal Trade Commission,FTC,,,2900,Federal Trade Commission,GPO Acronym List,,YES,,,FALSE,,,
031,3100,Nuclear Regulatory Commission,NRC,YES,YES,OMB File,3100,Nuclear Regulatory Commission,NRC,,,3100,U.S. Nuclear Regulatory Commission,GPO Acronym List,,YES,,,FALSE,To ensure the safe use of radioactive materials for beneficial civilian purposes while protecting people and the environment.,https://www.nrc.gov/,NRC.jpg
033,3300,Smithsonian Institution,SI,YES*,NO,OMB File,3300,Smithsonian Institution,SI,,01,3300,Smithsonian Institution,,,,,,TRUE,,,
033,3355,Smithsonian Institution,SI,YES*,NO,OMB File,3355,National Gallery of Art,,National Gallery of Art,02,3302,National Gallery of Art,,,,NATIONAL GALLERY OF ART,,TRUE,,,
034,3400,International Trade Commission,USITC,YES,NO,OMB File,3400,International Trade Commission,USITC,,,3400,International Trade Commission,,,,,,FALSE,,,
036,3600,Department of Veterans Affairs,VA,YES,YES,OMB File,3600,Department of Veterans Affairs,VA,DEPARTMENT OF VETERANS AFFAIRS,00,3600,Department of Veterans Affairs,GPO Acronym List,,YES,"VETERANS AFFAIRS, DEPARTMENT OF","VETERANS AFFAIRS, DEPARTMENT OF",FALSE,"To fulfill President Lincoln's promise ""To care for him who shall have borne the battle, and for his widow, and his orphan"" by serving and honoring the men and women who are America's veterans.",https://www.va.gov/,DOVA.jpg
036,3600,Department of Veterans Affairs,VA,YES,YES,OMB File,3607,Assistant Secretary for Public and Intergovernmental Affairs,,,,3600,Department of Veterans Affairs,,,,"VETERANS AFFAIRS, DEPARTMENT OF",ASSISTANT SECRETARY FOR PUBLIC AND INTERGOVERNMENT AFFAIRS,FALSE,,,
036,3600,Department of Veterans Affairs,VA,YES,YES,OMB File,3620,Under Secretary for Health/Veterans Health Administration,,Veterans Health Administration,15,3600,Department of Veterans Affairs,,,,"VETERANS AFFAIRS, DEPARTMENT OF",,FALSE,,,
036,3600,Department of Veterans Affairs,VA,YES,YES,OMB File,3630,Directory/National Cemetery Administration,NCA,,,3600,Department of Veterans Affairs,,,,"VETERANS AFFAIRS, DEPARTMENT OF",,FALSE,,,
036,3600,Department of Veterans Affairs,VA,YES,YES,OMB File,3640,Under Secretary for Benefits/Veterans Benefits Administration,,Veterans Benefits Administration,40,3600,Department of Veterans Affairs,,,,"VETERANS AFFAIRS, DEPARTMENT OF",UNDER SECRETARY FOR BENEFITS/VETERANS BENEFITS ADMINISTATION,FALSE,,,
389,4100,Merit Systems Protection Board,MSPB,YES,NO,OMB File,4100,Merit Systems Protection Board,MSPB,,,4100,Merit Systems Protection Board,GPO Acronym List,,,,,FALSE,,,
045,4500,Equal Employment Opportunity Commission,EEOC,YES,NO,OMB File,4500,Equal Employment Opportunity Commission,EEOC,,,4500,U.S. Equal Employment Opportunity Commission,GPO Acronym List,,,,,FALSE,,,
047,4700,General Services Administration,GSA,YES,YES,OMB File,4700,General Services Administration,GSA,,,4700,General Services Administration,GPO Acronym List,,YES,,,FALSE,"The mission of GSA is to deliver the best value in real estate, acquisition, and technology services to government and the American people.",https://www.gsa.gov/,GSA.jpg
047,4700,General Services Administration,GSA,YES,YES,OMB File,4703,Office of General Counsel,OGC,,,4700,General Services Administration,,,,,,FALSE,,,
047,4700,General Services Administration,GSA,YES,YES,OMB File,4704,Office of Inspector General,OIG,,,4700,General Services Administration,,,,,,FALSE,,,
047,4700,General Services Administration,GSA,YES,YES,OMB File,4705,Office of the Administrator,ACMD,,,4700,General Services Administration,OMB File,,,,,FALSE,,,
047,4700,General Services Administration,GSA,YES,YES,OMB File,4707,Office of Congressional and Intergovernmental Affairs,,,,4700,General Services Administration,,,,,,FALSE,,,
047,4700,General Services Administration,GSA,YES,YES,OMB File,4717,Office of the Chief Financial Officer,OCFO,,,4700,General Services Administration,,,,,,FALSE,,,
047,4700,General Services Administration,GSA,YES,YES,Historical USAspending data,4730,Federal Acquisition Service,FAS,,,4700,General Services Administration,,,,,,FALSE,,,
047,4700,General Services Administration,GSA,YES,YES,OMB File,4732,Federal Acquisition Service,FAS,,,4700,General Services Administration,,,,,,FALSE,,,
047,4700,General Services Administration,GSA,YES,YES,Historical USAspending data,4735,Federal Acquisition Service,FAS,,,4700,General Services Administration,,,,,,FALSE,,,
047,4700,General Services Administration,GSA,YES,YES,OMB File,4740,Public Buildings Service,PBS,,,4700,General Services Administration,,,,,,FALSE,,,
047,4700,General Services Administration,GSA,YES,YES,OMB File,4745,Office of Government-wide Policy,OGP,,,4700,General Services Administration,,,,,Office of Government Wide Policy,FALSE,,,
047,4700,General Services Administration,GSA,YES,YES,OMB File,4750,Office of the Chief Information Officer,OCIO,,,4700,General Services Administration,,,,,,FALSE,,,
047,4700,General Services Administration,GSA,YES,YES,OMB File,4771,Office of Mission Assurance,OMA,,,4700,General Services Administration,,,,,,FALSE,,,
047,4700,General Services Administration,GSA,YES,YES,OMB File,4773,Office of Administrative Services,OAS,,,4700,General Services Administration,,,,,,FALSE,,,
047,4700,General Services Administration,GSA,YES,YES,OMB File,4774,Office of Communications and Marketing,,,,4700,General Services Administration,,,,,,FALSE,,,
047,4700,General Services Administration,GSA,YES,YES,FPDS File,4775,Technology Transformation Service,TTS,,,4700,General Services Administration,,,,,[new from FPDS File],FALSE,,,
049,4900,National Science Foundation,NSF,YES,YES,OMB File,4900,National Science Foundation,NSF,,,4900,National Science Foundation,GPO Acronym List,,,,,FALSE,"To promote the progress of science; to advance the national health, prosperity, and welfare; to secure the national defense; and for other purposes.",https://www.nsf.gov/,NSF.jpg
050,5000,Securities and Exchange Commission,SEC,YES,NO,OMB File,5000,Securities and Exchange Commission,SEC,,,5000,Securities and Exchange Commission,GPO Acronym List,,,,,FALSE,,,
054,5400,Federal Labor Relations Authority,FLRA,YES,NO,OMB File,5400,Federal Labor Relations Authority,FLRA,,,5400,Federal Labor Relations Authority,GPO Acronym List,,,,,FALSE,,,
417,5920,National Endowment for the Arts,NEA,YES,YES,OMB File,5920,National Endowment for the Arts,NEA,,,5901,National Endowment for the Arts,,,YES,,,FALSE,,,
418,5940,National Endowment for the Humanities,NEH,YES,YES,OMB File,5940,National Endowment for the Humanities,NEH,,,5902,National Endowment for the Humanities,,,YES,,,FALSE,,,
060,6000,Railroad Retirement Board,RRB,YES,YES,OMB File,6000,Railroad Retirement Board,RRB,,,6000,Railroad Retirement Board,GPO Acronym List,,YES,,,FALSE,,,
061,6100,Consumer Product Safety Commission,CPSC,YES,YES,OMB File,6100,Consumer Product Safety Commission,CPSC,,,6100,Consumer Product Safety Commission,GPO Acronym List,,YES,,,FALSE,,,
062,6201,Office of Special Counsel,OSC,YES,NO,OMB File,6201,Office of Special Counsel,OSC,,,6200,Office of Special Counsel,GPO Acronym List,,,,,FALSE,,,
420,6300,National Labor Relations Board,NLRB,YES,YES,OMB File,6300,National Labor Relations Board,NLRB,,,6300,National Labor Relations Board,GPO Acronym List,,YES,,,FALSE,,,
065,6500,Federal Maritime Commission,FMC,YES,NO,OMB File,6500,Federal Maritime Commission,FMC,,,6500,Federal Maritime Commission,GPO Acronym List,,,,,FALSE,,,
068,6800,Environmental Protection Agency,EPA,YES,YES,OMB File,6800,Environmental Protection Agency,EPA,,,6800,Environmental Protection Agency,GPO Acronym List,,YES,,,FALSE,Our mission is to protect human health and the environment.,https://www.epa.gov/,EPA.jpg
069,6900,Department of Transportation,DOT,YES,YES,OMB File,6900,Department of Transportation,DOT,,,6900,Department of Transportation,GPO Acronym List,,YES,"TRANSPORTATION, DEPARTMENT OF","TRANSPORTATION, DEPARTMENT OF",FALSE,"Serve the United States by ensuring a fast, safe, efficient, accessible and convenient transportation system that meets our vital national interests and enhances the quality of life of the American people, today and into the future.",https://www.transportation.gov/,DOTransportation.jpg
069,6900,Department of Transportation,DOT,YES,YES,OMB File,6901,Immediate Office of the Secretary of Transportation,OST,,,6900,Department of Transportation,,,YES,"TRANSPORTATION, DEPARTMENT OF",,FALSE,,,
069,6900,Department of Transportation,DOT,YES,YES,OMB File,6920,Federal Aviation Administration,FAA,Federal Aviation Administration,13,6900,Department of Transportation,GPO Acronym List,,YES,"TRANSPORTATION, DEPARTMENT OF",,FALSE,,,
069,6900,Department of Transportation,DOT,YES,YES,OMB File,6925,Federal Highway Administration,FHWA,Federal Highway Administration,05,6900,Department of Transportation,GPO Acronym List,,YES,"TRANSPORTATION, DEPARTMENT OF",,FALSE,,,
069,6900,Department of Transportation,DOT,YES,YES,OMB File,6930,Federal Railroad Administration,FRA,Federal Railroad Administration,07,6900,Department of Transportation,GPO Acronym List,,YES,"TRANSPORTATION, DEPARTMENT OF",,FALSE,,,
069,6900,Department of Transportation,DOT,YES,YES,OMB File,6938,Maritime Administration,MARAD,Maritime Administration,17,6900,Department of Transportation,GPO Acronym List,,YES,"TRANSPORTATION, DEPARTMENT OF",,FALSE,,,
069,6900,Department of Transportation,DOT,YES,YES,OMB File,6940,National Highway Traffic Safety Administration,NHTSA,National Highway Traffic Safety Administration,06,6900,Department of Transportation,GPO Acronym List,,YES,"TRANSPORTATION, DEPARTMENT OF",,FALSE,,,
069,6900,Department of Transportation,DOT,YES,YES,OMB File,6947,Saint Lawrence Seaway Development Corporation,SLSDC,Saint Lawrence Seaway,08,6903,St. Lawrence Seaway Development Corporation,GPO Acronym List,,,"TRANSPORTATION, DEPARTMENT OF",,FALSE,,,
069,6900,Department of Transportation,DOT,YES,YES,OMB File,6953,Federal Motor Carrier Safety Administration,FMCSA,Office of Motor Carrier Safety,26,6900,Department of Transportation,GPO Acronym List,,YES,"TRANSPORTATION, DEPARTMENT OF",,FALSE,,,
069,6900,Department of Transportation,DOT,YES,YES,OMB File,6955,Federal Transit Administration,FTA,Federal Transit Administration,11,6900,Department of Transportation,GPO Acronym List,,YES,"TRANSPORTATION, DEPARTMENT OF",,FALSE,,,
069,6900,Department of Transportation,DOT,YES,YES,OMB File,6957,Pipeline and Hazardous Materials Safety Administration,PHMSA,Pipeline and Hazardous Materials Safety Administration,14,6900,Department of Transportation,GPO Acronym List,,YES,"TRANSPORTATION, DEPARTMENT OF",PIPELINE AND HAZARDOUS MATERIALS SAFETY ADMINISTRATON,FALSE,,,
070,7000,Department of Homeland Security,DHS,YES,YES,OMB File,7000,Department of Homeland Security,DHS,,,7000,Department of Homeland Security,GPO Acronym List,,YES,"HOMELAND SECURITY, DEPARTMENT OF","HOMELAND SECURITY, DEPARTMENT OF",FALSE,"With honor and integrity, we will safeguard the American people, our homeland, and our values.",https://www.dhs.gov/,DHS.jpg
070,7000,Department of Homeland Security,DHS,YES,YES,OMB File,7001,Office of Procurement Operations,OPO,,,7000,Department of Homeland Security,,,,"HOMELAND SECURITY, DEPARTMENT OF",,FALSE,,,
070,7000,Department of Homeland Security,DHS,YES,YES,OMB File,7002,Immediate Office of the Secretary,OS,,,7000,Department of Homeland Security,,,,"HOMELAND SECURITY, DEPARTMENT OF",,FALSE,,,
070,7000,Department of Homeland Security,DHS,YES,YES,OMB File,7003,U.S. Citizenship and Immigration Services,USCIS,U.S. Citizenship and Immigration Services,01,7000,Department of Homeland Security,GPO Acronym List,,,"HOMELAND SECURITY, DEPARTMENT OF",,FALSE,,,
070,7000,Department of Homeland Security,DHS,YES,YES,OMB File,7004,Office of the Inspector General,IG,Office of  Inspector General,02,7000,Department of Homeland Security,,,,"HOMELAND SECURITY, DEPARTMENT OF",,FALSE,,,
070,7000,Department of Homeland Security,DHS,YES,YES,OMB File,7008,U.S. Coast Guard,USCG,Coast Guard,06,7000,Department of Homeland Security,,,YES,"HOMELAND SECURITY, DEPARTMENT OF",,FALSE,,,
070,7000,Department of Homeland Security,DHS,YES,YES,OMB File,7009,U.S. Secret Service,USSS,United States Secret Service,04,7000,Department of Homeland Security,,,,"HOMELAND SECURITY, DEPARTMENT OF",,FALSE,,,
070,7000,Department of Homeland Security,DHS,YES,YES,OMB File,7012,U.S. Immigration and Customs Enforcement,ICE,U.S. Immigration and Customs Enforcement,19,7000,Department of Homeland Security,,,,"HOMELAND SECURITY, DEPARTMENT OF",,FALSE,,,
070,7000,Department of Homeland Security,DHS,YES,YES,OMB File,7013,Transportation Security Administration,TSA,Transportation Security Administration,11,7000,Department of Homeland Security,GPO Acronym List,,,"HOMELAND SECURITY, DEPARTMENT OF",,FALSE,,,
070,7000,Department of Homeland Security,DHS,YES,YES,OMB File,7014,U.S. Customs and Border Protection,CBP,U.S. Customs and Border Protection,05,7000,Department of Homeland Security,,,,"HOMELAND SECURITY, DEPARTMENT OF",,FALSE,,,
070,7000,Department of Homeland Security,DHS,YES,YES,OMB File,7015,Federal Law Enforcement Training Center,FLETC,Federal Law Enforcement Training Center,12,7000,Department of Homeland Security,GPO Acronym List,,,"HOMELAND SECURITY, DEPARTMENT OF",,FALSE,,,
070,7000,Department of Homeland Security,DHS,YES,YES,OMB File,7022,Federal Emergency Management Agency,FEMA,Federal Emergency Management Agency,07,7000,Department of Homeland Security,GPO Acronym List,,,"HOMELAND SECURITY, DEPARTMENT OF",,FALSE,,,
070,7000,Department of Homeland Security,DHS,YES,YES,OMB File,7032,Office of Intelligence and Analysis,I&A,,,7000,Department of Homeland Security,,,,"HOMELAND SECURITY, DEPARTMENT OF",Office for Information Analysis,FALSE,,,
070,7000,Department of Homeland Security,DHS,YES,YES,OMB File,7040,Office of the Under Secretary for Science and Technology,S&T,Science and Technology,08,7000,Department of Homeland Security,,,,"HOMELAND SECURITY, DEPARTMENT OF",,FALSE,,,
070,7000,Department of Homeland Security,DHS,YES,YES,OMB File,7041,Immediate Office of the Under Secretary for Science and Technology,S&T,Science and Technology,08,7000,Department of Homeland Security,,,,"HOMELAND SECURITY, DEPARTMENT OF",,FALSE,,,
070,7000,Department of Homeland Security,DHS,YES,YES,OMB File,7050,Office of the Under Secretary for Management,,,,7000,Department of Homeland Security,,,,"HOMELAND SECURITY, DEPARTMENT OF",,FALSE,,,
070,7000,Department of Homeland Security,DHS,YES,YES,OMB File,7051,Immediate Office of the Under Secretary for Management,,,,7000,Department of Homeland Security,,,,"HOMELAND SECURITY, DEPARTMENT OF",,FALSE,,,
070,7000,Department of Homeland Security,DHS,YES,YES,Historical USAspending data,7052,National Protection and Programs Directorate,,National Protection and Programs Directorate,09,7000,Department of Homeland Security,,,,"HOMELAND SECURITY, DEPARTMENT OF",,FALSE,,,
070,7000,Department of Homeland Security,DHS,YES,YES,Historical USAspending data,7053,Domestic Nuclear Detection Office,,Domestic Nuclear Detection Office,23,7000,Department of Homeland Security,,,,"HOMELAND SECURITY, DEPARTMENT OF",,FALSE,,,
070,7000,Department of Homeland Security,DHS,YES,YES,Historical USAspending data,7054,Office of Health Affairs,,,,7000,Department of Homeland Security,,,,"HOMELAND SECURITY, DEPARTMENT OF",,FALSE,,,
070,7000,Department of Homeland Security,DHS,YES,YES,Historical USAspending data,7055,Office of the Chief Procurement Officer,,,,7000,Department of Homeland Security,,,,"HOMELAND SECURITY, DEPARTMENT OF",,FALSE,,,
070,7000,Department of Homeland Security,DHS,YES,YES,Historical USAspending data,7056,Office of the Chief Financial Officer,OCFO,,,7000,Department of Homeland Security,,,,"HOMELAND SECURITY, DEPARTMENT OF",,FALSE,,,
070,7000,Department of Homeland Security,DHS,YES,YES,Historical USAspending data,7057,Office of the Chief Readiness Support Officer,,,,7000,Department of Homeland Security,,,,"HOMELAND SECURITY, DEPARTMENT OF",,FALSE,,,
070,7000,Department of Homeland Security,DHS,YES,YES,Historical USAspending data,7058,Office of the Chief Information Officer,OCIO,,,7000,Department of Homeland Security,,,,"HOMELAND SECURITY, DEPARTMENT OF",,FALSE,,,
070,7000,Department of Homeland Security,DHS,YES,YES,Historical USAspending data,7059,Office of the Chief Human Capital Officer,,,,7000,Department of Homeland Security,,,,"HOMELAND SECURITY, DEPARTMENT OF",,FALSE,,,
070,7000,Department of Homeland Security,DHS,YES,YES,Historical USAspending data,7060,Office of the Chief Security Officer,,,,7000,Department of Homeland Security,,,,"HOMELAND SECURITY, DEPARTMENT OF",,FALSE,,,
071,7100,Overseas Private Investment Corporation,OPIC,YES,YES,OMB File,7100,Overseas Private Investment Corporation,OPIC,,,7100,Overseas Private Investment Corporation,GPO Acronym List,,YES,,,FALSE,,,
072,7200,Agency for International Development,USAID,YES,YES,OMB File,7200,Agency for International Development,USAID,,,7200,Agency for International Development,,,YES,,,FALSE,"We partner to end extreme poverty and promote resilient, democratic societies while advancing our security and prosperity.",https://www.usaid.gov/,USAID.jpg
073,7300,Small Business Administration,SBA,YES,YES,OMB File,7300,Small Business Administration,SBA,,,7300,Small Business Administration,GPO Acronym List,,YES,,,FALSE,To maintain and strengthen the nation's economy by enabling the establishment and vitality of small businesses and to assist in the economic recovery of communities after disasters.,https://www.sba.gov/,SBA.jpg
074,7400,American Battle Monuments Commission,ABMC,YES,NO,OMB File,7400,American Battle Monuments Commission,ABMC,,,7400,American Battle Monuments Commission,,,,,,FALSE,,,
075,7500,Department of Health and Human Services,HHS,YES,YES,OMB File,7500,Department of Health and Human Services,HHS,,,7500,Department of Health and Human Services,GPO Acronym List,,YES,"HEALTH AND HUMAN SERVICES, DEPARTMENT OF","HEALTH AND HUMAN SERVICES, DEPARTMENT OF",FALSE,"It is the mission of the U.S. Department of Health & Human Services (HHS) to enhance and protect the health and well-being of all Americans. We fulfill that mission by providing for effective health and human services and fostering advances in medicine, public health, and social services.",https://www.hhs.gov/,DHHS.jpg
075,7500,Department of Health and Human Services,HHS,YES,YES,OMB File,7501,Immediate Office of the Secretary,OS,,,7500,Department of Health and Human Services,,,,"HEALTH AND HUMAN SERVICES, DEPARTMENT OF",IMMED OFFICE OF THE SECRETARY OF HEALTH AND HUMAN SERVICES,FALSE,,,
075,7500,Department of Health and Human Services,HHS,YES,YES,OMB File,7502,Office of the Under Secretary,,,,7500,Department of Health and Human Services,,,,"HEALTH AND HUMAN SERVICES, DEPARTMENT OF",Office of the Under Secretary of Health and Human Services,FALSE,,,
075,7500,Department of Health and Human Services,HHS,YES,YES,OMB File,7503,Office of the General Counsel,OGC,,,7500,Department of Health and Human Services,,,,"HEALTH AND HUMAN SERVICES, DEPARTMENT OF",,FALSE,,,
075,7500,Department of Health and Human Services,HHS,YES,YES,OMB File,7504,Office of the Inspector General,OIG,,,7500,Department of Health and Human Services,,,,"HEALTH AND HUMAN SERVICES, DEPARTMENT OF",,FALSE,,,
075,7500,Department of Health and Human Services,HHS,YES,YES,OMB File,7505,Office of Assistant Secretary for Preparedness and Response,,,,7500,Department of Health and Human Services,,,,"HEALTH AND HUMAN SERVICES, DEPARTMENT OF",,FALSE,,,
075,7500,Department of Health and Human Services,HHS,YES,YES,OMB File,7506,Office of Assistant Secretary for Planning and Evaluation,,,,7500,Department of Health and Human Services,,,,"HEALTH AND HUMAN SERVICES, DEPARTMENT OF",,FALSE,,,
075,7500,Department of Health and Human Services,HHS,YES,YES,OMB File,7508,Office of Assistant Secretary for Public Affairs,,,,7500,Department of Health and Human Services,,,,"HEALTH AND HUMAN SERVICES, DEPARTMENT OF",,FALSE,,,
075,7500,Department of Health and Human Services,HHS,YES,YES,OMB File,7509,Office of Intergovernmental and External Affairs,,,,7500,Department of Health and Human Services,,,,"HEALTH AND HUMAN SERVICES, DEPARTMENT OF",,FALSE,,,
075,7500,Department of Health and Human Services,HHS,YES,YES,OMB File,750S,Office of the Secretary,OS,Office of the Secretary,01,7500,Department of Health and Human Services,,,,"HEALTH AND HUMAN SERVICES, DEPARTMENT OF",Office of the Secretary of Health and Human Services,FALSE,,,
075,7500,Department of Health and Human Services,HHS,YES,YES,OMB File,7511,Office for Civil Rights,OCR,,,7500,Department of Health and Human Services,,,,"HEALTH AND HUMAN SERVICES, DEPARTMENT OF",,FALSE,,,
075,7500,Department of Health and Human Services,HHS,YES,YES,OMB File,7515,Office of Public Health and Science,OPHS,,,7500,Department of Health and Human Services,,,,"HEALTH AND HUMAN SERVICES, DEPARTMENT OF",,FALSE,,,
075,7500,Department of Health and Human Services,HHS,YES,YES,OMB File,7520,Public Health Service,USPHS,,,7500,Department of Health and Human Services,GPO Acronym List,,,"HEALTH AND HUMAN SERVICES, DEPARTMENT OF",,FALSE,,,
075,7500,Department of Health and Human Services,HHS,YES,YES,OMB File,7521,Office of Assistant Secretary for Health,,,,7500,Department of Health and Human Services,,,,"HEALTH AND HUMAN SERVICES, DEPARTMENT OF",,FALSE,,,
075,7500,Department of Health and Human Services,HHS,YES,YES,OMB File,7522,Substance Abuse and Mental Health Services Administration,SAMHSA,Substance Abuse and Mental Health Services Administration,30,7500,Department of Health and Human Services,GPO Acronym List,,,"HEALTH AND HUMAN SERVICES, DEPARTMENT OF",,FALSE,,,
075,7500,Department of Health and Human Services,HHS,YES,YES,OMB File,7523,Centers for Disease Control and Prevention,CDC,Centers for Disease Control,09,7500,Department of Health and Human Services,GPO Acronym List,,,"HEALTH AND HUMAN SERVICES, DEPARTMENT OF",,FALSE,,,
075,7500,Department of Health and Human Services,HHS,YES,YES,OMB File,7524,Food and Drug Administration,FDA,Food and Drug Administration,06,7500,Department of Health and Human Services,GPO Acronym List,,,"HEALTH AND HUMAN SERVICES, DEPARTMENT OF",,FALSE,,,
075,7500,Department of Health and Human Services,HHS,YES,YES,OMB File,7526,Health Resources and Services Administration,HRSA,Health Resources and Services Administration,03,7500,Department of Health and Human Services,GPO Acronym List,,,"HEALTH AND HUMAN SERVICES, DEPARTMENT OF",,FALSE,,,
075,7500,Department of Health and Human Services,HHS,YES,YES,OMB File,7527,Indian Health Service,IHS,Indian Health Service,10,7500,Department of Health and Human Services,GPO Acronym List,,,"HEALTH AND HUMAN SERVICES, DEPARTMENT OF",,FALSE,,,
075,7500,Department of Health and Human Services,HHS,YES,YES,OMB File,7528,Agency for Healthcare Research and Quality,AHRQ,Agency for Healthcare Research and Quality,33,7500,Department of Health and Human Services,,,,"HEALTH AND HUMAN SERVICES, DEPARTMENT OF",,FALSE,,,
075,7500,Department of Health and Human Services,HHS,YES,YES,OMB File,7529,National Institutes of Health,NIH,National Institutes of Health,08,7500,Department of Health and Human Services,GPO Acronym List,,,"HEALTH AND HUMAN SERVICES, DEPARTMENT OF",,FALSE,,,
075,7500,Department of Health and Human Services,HHS,YES,YES,OMB File,7530,Centers for Medicare and Medicaid Services,CMS,Centers for Medicare and Medicaid Services,05,7500,Department of Health and Human Services,,,,"HEALTH AND HUMAN SERVICES, DEPARTMENT OF",,FALSE,,,
075,7500,Department of Health and Human Services,HHS,YES,YES,OMB File,7545,Administration on Aging,AOA,,,7500,Department of Health and Human Services,,,,"HEALTH AND HUMAN SERVICES, DEPARTMENT OF",,FALSE,,,
075,7500,Department of Health and Human Services,HHS,YES,YES,OMB File,7555,Program Support Center,PSC,,,7500,Department of Health and Human Services,,,,"HEALTH AND HUMAN SERVICES, DEPARTMENT OF",,FALSE,,,
075,7500,Department of Health and Human Services,HHS,YES,YES,OMB File,7570,Office of the Assistant Secretary for Administration,ASA,,,7500,Department of Health and Human Services,OMB File,,,"HEALTH AND HUMAN SERVICES, DEPARTMENT OF",,FALSE,,,
075,7500,Department of Health and Human Services,HHS,YES,YES,OMB File,7571,Office of the Assistant Secretary for Financial Resources,ASFR,,,7500,Department of Health and Human Services,OMB File,,,"HEALTH AND HUMAN SERVICES, DEPARTMENT OF",,FALSE,,,
075,7500,Department of Health and Human Services,HHS,YES,YES,OMB File,7575,Office of Medicare Hearings and Appeals,OMHA,,,7500,Department of Health and Human Services,OMB File,,,"HEALTH AND HUMAN SERVICES, DEPARTMENT OF",,FALSE,,,
075,7500,Department of Health and Human Services,HHS,YES,YES,OMB File,7576,Office of the National Coordinator for Health Information Technology,ONC,,,7500,Department of Health and Human Services,OMB File,,,"HEALTH AND HUMAN SERVICES, DEPARTMENT OF",,FALSE,,,
075,7500,Department of Health and Human Services,HHS,YES,YES,OMB File,7590,Administration for Children and Families,ACF,Administration for Children and Families,15,7500,Department of Health and Human Services,,,,"HEALTH AND HUMAN SERVICES, DEPARTMENT OF",,FALSE,,,
080,8000,National Aeronautics and Space Administration,NASA,YES,YES,OMB File,8000,National Aeronautics and Space Administration,NASA,,,8000,National Aeronautics and Space Administration,GPO Acronym List,,YES,,,FALSE,"Drive advances in science, technology, aeronautics, and space exploration to enhance knowledge, education, innovation, economic vitality, and stewardship of Earth.",https://www.nasa.gov/,NASA.jpg
083,8300,Export-Import Bank of the United States,EXIM,YES,YES,OMB File,8300,Export-Import Bank of the United States,EXIM,,,8300,Export-Import Bank of the United States,,,YES,EXPORT-IMPORT BANK OF THE U.S.,EXPORT-IMPORT BANK OF THE U.S.,FALSE,,,
084,84AF,Armed Forces Retirement Home,AFRH,YES,YES,OMB File,84AF,Armed Forces Retirement Home,AFRH,,,8400,Armed Forces Retirement Home,,,,,,FALSE,,,
086,8600,Department of Housing and Urban Development,HUD,YES,YES,OMB File,8600,Department of Housing and Urban Development,HUD,,,8600,Department of Housing and Urban Development,GPO Acronym List,,YES,"HOUSING AND URBAN DEVELOPMENT, DEPARTMENT OF","HOUSING AND URBAN DEVELOPMENT, DEPARTMENT OF",FALSE,"HUD's mission is to create strong, sustainable, inclusive communities and quality affordable homes for all. HUD is working to strengthen the housing market to bolster the economy and protect consumers; meet the need for quality affordable rental homes; utilize housing as a platform for improving quality of life; build inclusive and sustainable communities free from discrimination, and transform the way HUD does business.",https://www.hud.gov/,DHUD.jpg
086,8600,Department of Housing and Urban Development,HUD,YES,YES,OMB File,8611,Assistant Secretary for Fair Housing and Equal Opportunity,,Fair Housing and Equal Opportunity,29,8600,Department of Housing and Urban Development,,,,"HOUSING AND URBAN DEVELOPMENT, DEPARTMENT OF",,FALSE,,,
086,8600,Department of Housing and Urban Development,HUD,YES,YES,OMB File,8620,Assistant Secretary for Community Planning and Development,,Community Planning and Development,06,8600,Department of Housing and Urban Development,,,,"HOUSING AND URBAN DEVELOPMENT, DEPARTMENT OF",,FALSE,,,
086,8600,Department of Housing and Urban Development,HUD,YES,YES,OMB File,8630,Assistant Secretary for Housing--Federal Housing Commissioner,,Federal Housing Administration,15,8600,Department of Housing and Urban Development,,,,"HOUSING AND URBAN DEVELOPMENT, DEPARTMENT OF",ASST SECRETARY FOR HOUSING--FEDERAL HOUSING COMMISSIONER,FALSE,,,
086,8600,Department of Housing and Urban Development,HUD,YES,YES,OMB File,8635,Assistant Secretary for Public and Indian Housing,,Public and Indian Housing,04,8600,Department of Housing and Urban Development,,,,"HOUSING AND URBAN DEVELOPMENT, DEPARTMENT OF",,FALSE,,,
086,8600,Department of Housing and Urban Development,HUD,YES,YES,OMB File,8645,Assistant Secretary for Policy Development and Research,,Policy Development and Research,28,8600,Department of Housing and Urban Development,,,,"HOUSING AND URBAN DEVELOPMENT, DEPARTMENT OF",,FALSE,,,
086,8600,Department of Housing and Urban Development,HUD,YES,YES,OMB File,8653,Office of Lead Hazard Control and Healthy Homes,,Office of Healthy Homes and Lead Hazard Control,32,8600,Department of Housing and Urban Development,,,,"HOUSING AND URBAN DEVELOPMENT, DEPARTMENT OF",,FALSE,,,
088,8800,National Archives and Records Administration,NARA,YES,YES,OMB File,8800,National Archives and Records Administration,NARA,,,8800,National Archives and Records Administration,GPO Acronym List,,YES,,,FALSE,,,
088,8800,National Archives and Records Administration,NARA,YES,YES,OMB File,8862,National Historical Publications and Records Commission,NHPRC,,,8800,National Archives and Records Administration,,,,,,FALSE,,,
089,8900,Department of Energy,DOE,YES,YES,OMB File,8900,Department of Energy,DOE,,,8900,Department of Energy,GPO Acronym List,,YES,"ENERGY, DEPARTMENT OF","ENERGY, DEPARTMENT OF",FALSE,"The mission of the Energy Department is to ensure America's security and prosperity by addressing its energy, environmental and nuclear challenges through transformative science and technology solutions.",https://energy.gov/,DOEnergy.jpg
089,8900,Department of Energy,DOE,YES,YES,OMB File,8905,Office of Administration and Human Resources Management,,,,8900,Department of Energy,,,,"ENERGY, DEPARTMENT OF",,FALSE,,,
089,8900,Department of Energy,DOE,YES,YES,OMB File,8922,Assistant Secretary for Conservation and Renewable Energy,,,,8900,Department of Energy,,,,"ENERGY, DEPARTMENT OF",,FALSE,,,
089,8900,Department of Energy,DOE,YES,YES,OMB File,8925,Assistant Secretary for Defense Programs,,,,8900,Department of Energy,,,,"ENERGY, DEPARTMENT OF",,FALSE,,,
089,8900,Department of Energy,DOE,YES,YES,OMB File,8944,Assistant Secretary for Fossil Energy,,,,8900,Department of Energy,,,,"ENERGY, DEPARTMENT OF",,FALSE,,,
089,8900,Department of Energy,DOE,YES,YES,OMB File,8960,Federal Energy Regulatory Commission,FERC,,,8900,Department of Energy,GPO Acronym List,,YES,"ENERGY, DEPARTMENT OF",,FALSE,,,
089,8900,Department of Energy,DOE,YES,YES,Historical USAspending data,8961,Federal Energy Regulatory Commission,FERC,,,8900,Department of Energy,GPO Acronym List,,YES,"ENERGY, DEPARTMENT OF",,FALSE,,,
090,9000,Selective Service System,SSS,YES,NO,OMB File,9000,Selective Service System,SSS,,,9000,Selective Service System,GPO Acronym List,,,,,FALSE,,,
091,9100,Department of Education,ED,YES,YES,OMB File,9100,Department of Education,ED,,,9100,Department of Education,GPO Acronym List,,YES,"EDUCATION, DEPARTMENT OF","EDUCATION, DEPARTMENT OF",FALSE,ED's mission is to promote student achievement and preparation for global competitiveness by fostering educational excellence and ensuring equal access.,https://www.ed.gov/,DOE.jpg
093,9300,Federal Mediation and Conciliation Service,FMCS,YES,YES,OMB File,9300,Federal Mediation and Conciliation Service,FMCS,,,9300,Federal Mediation and Conciliation Service,GPO Acronym List,,YES,,,FALSE,,,
368,9504,Federal Mine Safety and Health Review Commission,FMSHRC,YES,NO,OMB File,9504,Federal Mine Safety and Health Review Commission,MSHFRC,,,9520,Fed. Mine Safety & Health Review Commission,GPO Acronym List,,,,,FALSE,,,
360,9506,Federal Election Commission,FEC,YES,NO,OMB File,9506,Federal Election Commission,FEC,,,9518,Federal Election Commission,GPO Acronym List,,,,,FALSE,,,
339,9507,Commodity Futures Trading Commission,CFTC,YES,NO,OMB File,9507,Commodity Futures Trading Commission,CFTC,,,9512,Commodity Futures Trading Commission,GPO Acronym List,,,,,FALSE,,,
424,9508,National Transportation Safety Board,NTSB,YES,NO,OMB File,9508,National Transportation Safety Board,NTSB,,,9532,National Transportation Safety Board,GPO Acronym List,,,,,FALSE,,,
542,9511,The Council of the Inspectors General on Integrity and Efficiency,CIGIE,YES,NO,OMB File,9511,The Council of the Inspectors General on Integrity and Efficiency,CIGIE,,,9567,Council of Inspectors Gen. on Integrity & Efficien,,,,,,FALSE,,,
432,9514,Occupational Safety and Health Review Commission,OSHRC,YES,NO,OMB File,9514,Occupational Safety and Health Review Commission,OSHRC,,,9533,Occupational Safety & Health Review Commission,GPO Acronym List,,,,,FALSE,,,
302,9515,Administrative Conference of the U.S.,ACUS,YES,NO,OMB File,9515,Administrative Conference of the U.S.,ACUS,,,9569,Administrative Conference of the U.S.,,,,ADMINISTRATIVE CONFERENCE OF THE U. S.,ADMINISTRATIVE CONFERENCE OF THE U. S.,FALSE,,,
347,9516,Defense Nuclear Facilities Safety Board,DNFSB,YES,YES,OMB File,9516,Defense Nuclear Facilities Safety Board,DNFSB,,,9516,Defense Nuclear Facilities Safety Board,GPO Acronym List,,YES,,,FALSE,,,
338,9518,Committee for Purchase from People Who Are Blind or Severely Disabled,ABILITYONE,YES,NO,OMB File,9518,Committee for Purchase from People Who Are Blind or Severely Disabled,ABILITYONE,,,9511,Committee for Purchase from People Who are Blind,GPO Acronym List,,,,,FALSE,,,
525,9523,Election Assistance Commission,EAC,YES,YES,OMB File,9523,Election Assistance Commission,EAC,,,9564,Election Assistance Commission,GPO Acronym List,,YES,,,FALSE,,,
421,9524,National Mediation Board,NMB,YES,NO,OMB File,9524,National Mediation Board,NMB,,,9531,National Mediation Board,GPO Acronym List,,,,,FALSE,,,
306,9530,Advisory Council on Historic Preservation,ACHP,YES,NO,OMB File,9530,Advisory Council on Historic Preservation,ACHP,,,9502,Advisory Council on Historic Preservation,,,,,,FALSE,,,
310,9532,Access Board,,YES,NO,OMB File,9532,Access Board,,,,9503,Architectural & Transp. Barriers Compliance Board,,,,ARCHITECTURAL AND TRANSPORTATION BARRIERS COMPLIANCE BOARD,ARCHITECTURAL AND TRANSPORTATION BARRIERS COMPLIANCE BOARD,FALSE,,,
471,9533,Gulf Coast Ecosystem Restoration Council,,YES,YES,OMB File,9533,Gulf Coast Ecosystem Restoration Council,,,,9577,Gulf Coast Ecosystem Restoration Council,,,YES,,,FALSE,,,
323,9537,Commission of Fine Arts,CFA,YES,NO,OMB File,9537,Commission of Fine Arts,CFA,,,9507,Commission of Fine Arts,,,,,,FALSE,,,
537,9542,Federal Housing Finance Agency,FHFA,YES,NO,OMB File,9542,Federal Housing Finance Agency,FHFA,,,9566,Federal Housing Finance Agency,GPO Acronym List,,,,,TRUE,,,
524,9543,Millennium Challenge Corporation,MCC,YES,YES,OMB File,9543,Millennium Challenge Corporation,MCC,,,9563,Millennium Challenge Corporation,GPO Acronym List,,YES,,,FALSE,,,
487,9545,Morris K. Udall and Stewart L. Udall Foundation,UDALL,YES,NO,OMB File,9545,Morris K. Udall and Stewart L. Udall Foundation,UDALL,,,9542,Morris K. Udall Scholarship Foundation,,,,MORRIS K. UDALL SCHOLARSHIP AND EXCELLENCE IN NATIONAL ENVIRONMENTAL POLICY FOUNDATION,MORRIS K. UDALL SCHOLARSHIP AND EXCELLENCE IN NATIONAL ENVIRONMENTAL POLICY FOUNDATION,FALSE,,,
517,9547,Delta Regional Authority,DRA,YES,YES,OMB File,9547,Delta Regional Authority,DRA,,,9559,Delta Regional Authority,,,YES,,,FALSE,,,
434,9549,Office of Government Ethics,OGE,YES,NO,OMB File,9549,Office of Government Ethics,OGE,,,9534,Office of Government Ethics,,,,,,FALSE,,,
581,955F,Consumer Financial Protection Bureau,CFPB,YES,NO,OMB File,955F,Consumer Financial Protection Bureau,CFPB,,,9571,Bureau of Consumer Financial Protection,,,,,,FALSE,,,
510,9565,United States Chemical Safety Board,CSB,YES,NO,OMB File,9565,United States Chemical Safety Board,CSB,,,9548,Chemical Safety and Hazard Investigation Board,,,,CHEMICAL SAFETY AND HAZARD INVESTIGATION BOARD,CHEMICAL SAFETY AND HAZARD INVESTIGATION BOARD,FALSE,,,
514,9568,Broadcasting Board of Governors,BBG,YES,YES,OMB File,9568,Broadcasting Board of Governors,BBG,,,9554,Broadcasting Board of Governors,GPO Acronym List,,YES,,,FALSE,,,
513,9572,Denali Commission,DENALI,YES,YES,OMB File,9572,Denali Commission,DC,,,9555,Denali Commission,GPO Acronym List,,YES,,,FALSE,,,
485,9577,Corporation for National and Community Service,CNCS,YES,YES,OMB File,9577,Corporation for National and Community Service,CNCS,,,9515,Corporation for National & Community Service,GPO Acronym List,,YES,,,FALSE,,,
511,9594,Court Services and Offender Supervision Agency,CSOSA,YES,NO,OMB File,9594,Court Services and Offender Supervision Agency,CSOSA,,,9553,CSOSA,,,,,,FALSE,,,
511,959P,Court Services and Offender Supervision Agency,CSOSA,YES,NO,OMB File,959P,Pretrial Services Agency,PSA,,,9553,CSOSA,,,,PRETRIAL SERVICES AGENCY,,FALSE,,,
097,9700,Department of Defense,DOD,YES,YES,OMB File,9700,Department of Defense,DOD,DEPARTMENT OF DEFENSE,00,DE00,Department of Defense,GPO Acronym List,,YES,DEPT OF DEFENSE,DEPT OF DEFENSE,FALSE,The mission of the Department of Defense is to provide the military forces needed to deter war and to protect the security of our country.,https://www.defense.gov/,DOD.jpg
097,9700,Department of Defense,DOD,YES,YES,OMB File,1700,Department of the Navy,USN,,,DE00,Department of Defense,GPO Acronym List,,,DEPT OF DEFENSE,DEPT OF THE NAVY,FALSE,,,
097,9700,Department of Defense,DOD,YES,YES,OMB File,1710,Navy Field Offices,,,,DE00,Department of Defense,,,,DEPT OF DEFENSE,,FALSE,,,
097,9700,Department of Defense,DOD,YES,YES,OMB File,2100,Department of the Army,USA,,,DE00,Department of Defense,GPO Acronym List,,,DEPT OF DEFENSE,Dept of the Army,FALSE,,,
097,9700,Department of Defense,DOD,YES,YES,OMB File,2525,Army Corps of Engineers Civil Works,USACE,,,DE00,Department of Defense,,,,DEPT OF DEFENSE,,FALSE,,,
097,9700,Department of Defense,DOD,YES,YES,OMB File,5700,Department of the Air Force,USAF,,,DE00,Department of Defense,GPO Acronym List,,,DEPT OF DEFENSE,DEPT OF THE AIR FORCE,FALSE,,,
097,9700,Department of Defense,DOD,YES,YES,OMB File,570N,"Immediate Office, Headquarters, USAF",,,,DE00,Department of Defense,,,,DEPT OF DEFENSE,,FALSE,,,
097,9700,Department of Defense,DOD,YES,YES,OMB File,96CE,U.S. Army Corps of Engineers - Civil Program Financing Only,,,,DE00,Department of Defense,,,,DEPT OF DEFENSE,,FALSE,,,
097,9700,Department of Defense,DOD,YES,YES,OMB File,9748,Defense Human Resources Activity,,,,DE00,Department of Defense,,,,DEPT OF DEFENSE,,FALSE,,,
097,9700,Department of Defense,DOD,YES,YES,OMB File,9761,Defense Threat Reduction Agency,DTRA,,,DE00,Department of Defense,OMB File,,,DEPT OF DEFENSE,,FALSE,,,
097,9700,Department of Defense,DOD,YES,YES,OMB File,9763,Defense Contract Management Agency,DCMA,,,DE00,Department of Defense,OMB File,,,DEPT OF DEFENSE,,FALSE,,,
097,9700,Department of Defense,DOD,YES,YES,OMB File,9771,Defense Microelectronics Activity,DMEA,,,DE00,Department of Defense,OMB File,,,DEPT OF DEFENSE,,FALSE,,,
097,9700,Department of Defense,DOD,YES,YES,OMB File,9773,Virginia Contracting Agency,,,,DE00,Department of Defense,,,,DEPT OF DEFENSE,,FALSE,,,
097,9700,Department of Defense,DOD,YES,YES,OMB File,9776,USTRANSCOM,,,,DE00,Department of Defense,,,,DEPT OF DEFENSE,,FALSE,,,
097,9700,Department of Defense,DOD,YES,YES,OMB File,97AB,National Geospatial-Intelligence Agency,NGA,,,DE00,Department of Defense,,,,DEPT OF DEFENSE,,FALSE,,,
097,9700,Department of Defense,DOD,YES,YES,OMB File,97AD,Immediate Office of the Secretary of Defense,SECDEF,Office of the Secretary,21,DE00,Department of Defense,DOD Dictionary of Military and Associated Terms,,,DEPT OF DEFENSE,,FALSE,,,
097,9700,Department of Defense,DOD,YES,YES,OMB File,97AE,Defense Advanced Research Projects Agency,DARPA,,,DE00,Department of Defense,OMB File,,,DEPT OF DEFENSE,,FALSE,,,
097,9700,Department of Defense,DOD,YES,YES,OMB File,97AK,Defense Information Systems Agency,DISA,,,DE00,Department of Defense,OMB File,,,DEPT OF DEFENSE,,FALSE,,,
097,9700,Department of Defense,DOD,YES,YES,OMB File,97AR,Defense Contract Audit Agency,DCAA,,,DE00,Department of Defense,DOD Dictionary of Military and Associated Terms,,,DEPT OF DEFENSE,,FALSE,,,
097,9700,Department of Defense,DOD,YES,YES,OMB File,97AS,Defense Logistics Agency,DLA,,,DE00,Department of Defense,GPO Acronym List,,,DEPT OF DEFENSE,,FALSE,,,
097,9700,Department of Defense,DOD,YES,YES,OMB File,97AT,Defense Security Cooperation Agency,,,03,1137,Defense Security Cooperation Agency,,,,DEPT OF DEFENSE,,FALSE,,,
097,9700,Department of Defense,DOD,YES,YES,OMB File,97AV,Defense Security Service,,,,DE00,Department of Defense,,,,DEPT OF DEFENSE,,FALSE,,,
097,9700,Department of Defense,DOD,YES,YES,OMB File,97AZ,Defense Commissary Agency,DECA,,,DE00,Department of Defense,OMB File,,,DEPT OF DEFENSE,,FALSE,,,
097,9700,Department of Defense,DOD,YES,YES,OMB File,97BZ,Defense Finance and Accounting Service,DFAS,,,DE00,Department of Defense,OMB File,,,DEPT OF DEFENSE,,FALSE,,,
097,9700,Department of Defense,DOD,YES,YES,OMB File,97CG,National Security Agency/Central Security Service,NSA,,,DE00,Department of Defense,GPO Acronym List,,,DEPT OF DEFENSE,,FALSE,,,
097,9700,Department of Defense,DOD,YES,YES,OMB File,97DH,Defense Health Agency,DHA,,,DE00,Department of Defense,OMB File,,,DEPT OF DEFENSE,,FALSE,,,
097,9700,Department of Defense,DOD,YES,YES,OMB File,97EX,Office of the Inspector General,OIG,,,DE00,Department of Defense,,,,DEPT OF DEFENSE,"Inspector General, Office Of",FALSE,,,
097,9700,Department of Defense,DOD,YES,YES,OMB File,97F1,Defense Media Activity,DMA,,,DE00,Department of Defense,OMB File,,,DEPT OF DEFENSE,,FALSE,,,
097,9700,Department of Defense,DOD,YES,YES,OMB File,97F2,Department of Defense Education Activity,DODEA,,,DE00,Department of Defense,OMB File,,,DEPT OF DEFENSE,DEPT OF DEFENSE EDUCATION ACTIVITY (DODEA),FALSE,,,
097,9700,Department of Defense,DOD,YES,YES,OMB File,97F5,Washington Headquarters Services,WHS,Washington Headquarters Service,20,DE00,Department of Defense,OMB File,,,DEPT OF DEFENSE,,FALSE,,,
097,9700,Department of Defense,DOD,YES,YES,OMB File,97F7,Joint Improvised Explosive Device Defeat Organization,JIEDDO,,,DE00,Department of Defense,OMB File,,,DEPT OF DEFENSE,,FALSE,,,
097,9700,Department of Defense,DOD,YES,YES,OMB File,97HW,Uniformed Services University of the Health Sciences,USUHS,,,DE00,Department of Defense,OMB File,,,DEPT OF DEFENSE,,FALSE,,,
097,9700,Department of Defense,DOD,YES,YES,OMB File,97JC,Missile Defense Agency,MDA,,,DE00,Department of Defense,OMB File,,,DEPT OF DEFENSE,,FALSE,,,
097,9700,Department of Defense,DOD,YES,YES,OMB File,97ZS,U.S. Special Operations Command,USSOCOM,,,DE00,Department of Defense,OMB File,,,DEPT OF DEFENSE,,FALSE,,,
097,9700,Department of Defense,DOD,YES,YES,NIST (2008),97DL,Defense Intelligence Agency,DIA,,,DE00,Department of Defense,GPO Acronym List,,,,,FALSE,,,
097,9700,Department of Defense,DOD,YES,YES,NIST (2008),97F6,Office of Economic Adjustment,,,,DE00,Department of Defense,,,,,,FALSE,,,
472,,Surface Transportation Board,STB,YES,NO,A-11 Circular & NIST (2008),6959,Surface Transportation Board,STB,,,9501,Surface Transportation Board,GPO Acronym List,,,,,FALSE,,,
474,,Institute of Museum and Library Services,IMLS,YES,YES,A-11 Circular; FPDS File,5950,Institute of Museum and Library Services,IMLS,,,5903,Institute of Museum and Library Services,,,,,[new from FPDS file],FALSE,,,
573,,Northern Border Regional Commission,NBRC,YES,NO,A-11 Circular and FPDS file (SubTier),9557,Northern Border Regional Commission,,,,9570,National Border Regional Commission,,,,,,FALSE,,,
